,1,2,3,4,5,6,11,12,13,14,15,99,101,102,103,104,105,106,107,108,109,110,111,112,113,114,115,116,117,118,119,120,121,122,123,124,125,126,127,128,129,130,131,132,133
1,,1 -> 128 -> 125 -> 126 -> 2,1 -> 128 -> 129 -> 131 -> 132 -> 133 -> 127 -> 124 -> 116 -> 117 -> 3,1 -> 128 -> 129 -> 131 -> 132 -> 133 -> 127 -> 124 -> 116 -> 117 -> 118 -> 120 -> 121 -> 4,1 -> 128 -> 129 -> 131 -> 132 -> 133 -> 127 -> 124 -> 123 -> 122 -> 115 -> 114 -> 108 -> 101 -> 5,1 -> 128 -> 129 -> 130 -> 6,1 -> 128 -> 129 -> 131 -> 132 -> 133 -> 127 -> 124 -> 123 -> 122 -> 11,1 -> 128 -> 129 -> 131 -> 132 -> 133 -> 127 -> 124 -> 123 -> 122 -> 115 -> 114 -> 108 -> 109 -> 110 -> 103 -> 104 -> 105 -> 106 -> 12,1 -> 128 -> 129 -> 131 -> 132 -> 133 -> 127 -> 124 -> 123 -> 122 -> 115 -> 114 -> 108 -> 101 -> 13,1 -> 128 -> 129 -> 131 -> 132 -> 14,1 -> 128 -> 129 -> 131 -> 132 -> 133 -> 127 -> 124 -> 123 -> 122 -> 115 -> 114 -> 108 -> 109 -> 15,1 -> 128 -> 129 -> 131 -> 132 -> 133 -> 99,1 -> 128 -> 129 -> 131 -> 132 -> 133 -> 127 -> 124 -> 123 -> 122 -> 115 -> 114 -> 108 -> 101,1 -> 128 -> 129 -> 131 -> 132 -> 133 -> 127 -> 124 -> 123 -> 122 -> 115 -> 114 -> 108 -> 101 -> 13 -> 102,1 -> 128 -> 129 -> 131 -> 132 -> 133 -> 127 -> 124 -> 123 -> 122 -> 115 -> 114 -> 108 -> 109 -> 110 -> 103,1 -> 128 -> 129 -> 131 -> 132 -> 133 -> 127 -> 124 -> 123 -> 122 -> 115 -> 114 -> 108 -> 109 -> 110 -> 103 -> 104,1 -> 128 -> 129 -> 131 -> 132 -> 133 -> 127 -> 124 -> 123 -> 122 -> 115 -> 114 -> 108 -> 109 -> 110 -> 103 -> 104 -> 105,1 -> 128 -> 129 -> 131 -> 132 -> 133 -> 127 -> 124 -> 123 -> 122 -> 115 -> 114 -> 108 -> 109 -> 110 -> 103 -> 104 -> 105 -> 106,1 -> 128 -> 129 -> 131 -> 132 -> 133 -> 127 -> 124 -> 123 -> 122 -> 115 -> 114 -> 108 -> 109 -> 110 -> 103 -> 104 -> 105 -> 107,1 -> 128 -> 129 -> 131 -> 132 -> 133 -> 127 -> 124 -> 123 -> 122 -> 115 -> 114 -> 108,1 -> 128 -> 129 -> 131 -> 132 -> 133 -> 127 -> 124 -> 123 -> 122 -> 115 -> 114 -> 108 -> 109,1 -> 128 -> 129 -> 131 -> 132 -> 133 -> 127 -> 124 -> 123 -> 122 -> 115 -> 114 -> 108 -> 109 -> 110,1 -> 128 -> 129 -> 131 -> 132 -> 133 -> 127 -> 124 -> 123 -> 122 -> 115 -> 114 -> 111,1 -> 128 -> 129 -> 131 -> 132 -> 133 -> 127 -> 124 -> 116 -> 117 -> 118 -> 119 -> 112,1 -> 128 -> 129 -> 131 -> 132 -> 133 -> 127 -> 124 -> 116 -> 117 -> 118 -> 120 -> 121 -> 113,1 -> 128 -> 129 -> 131 -> 132 -> 133 -> 127 -> 124 -> 123 -> 122 -> 115 -> 114,1 -> 128 -> 129 -> 131 -> 132 -> 133 -> 127 -> 124 -> 123 -> 122 -> 115,1 -> 128 -> 129 -> 131 -> 132 -> 133 -> 127 -> 124 -> 116,1 -> 128 -> 129 -> 131 -> 132 -> 133 -> 127 -> 124 -> 116 -> 117,1 -> 128 -> 129 -> 131 -> 132 -> 133 -> 127 -> 124 -> 116 -> 117 -> 118,1 -> 128 -> 129 -> 131 -> 132 -> 133 -> 127 -> 124 -> 116 -> 117 -> 118 -> 119,1 -> 128 -> 129 -> 131 -> 132 -> 133 -> 127 -> 124 -> 116 -> 117 -> 118 -> 120,1 -> 128 -> 129 -> 131 -> 132 -> 133 -> 127 -> 124 -> 116 -> 117 -> 118 -> 120 -> 121,1 -> 128 -> 129 -> 131 -> 132 -> 133 -> 127 -> 124 -> 123 -> 122,1 -> 128 -> 129 -> 131 -> 132 -> 133 -> 127 -> 124 -> 123,1 -> 128 -> 129 -> 131 -> 132 -> 133 -> 127 -> 124,1 -> 128 -> 125,1 -> 128 -> 125 -> 126,1 -> 128 -> 129 -> 131 -> 132 -> 133 -> 127,1 -> 128,1 -> 128 -> 129,1 -> 128 -> 129 -> 130,1 -> 128 -> 129 -> 131,1 -> 128 -> 129 -> 131 -> 132,1 -> 128 -> 129 -> 131 -> 132 -> 133
2,2 -> 126 -> 125 -> 128 -> 1,,2 -> 126 -> 125 -> 123 -> 124 -> 116 -> 117 -> 3,2 -> 126 -> 125 -> 123 -> 124 -> 116 -> 117 -> 118 -> 120 -> 121 -> 4,2 -> 126 -> 125 -> 123 -> 122 -> 115 -> 114 -> 108 -> 101 -> 5,2 -> 126 -> 127 -> 133 -> 132 -> 131 -> 130 -> 6,2 -> 126 -> 125 -> 123 -> 122 -> 11,2 -> 126 -> 125 -> 123 -> 122 -> 115 -> 114 -> 108 -> 109 -> 110 -> 103 -> 104 -> 105 -> 106 -> 12,2 -> 126 -> 125 -> 123 -> 122 -> 115 -> 114 -> 108 -> 101 -> 13,2 -> 126 -> 127 -> 133 -> 132 -> 14,2 -> 126 -> 125 -> 123 -> 122 -> 115 -> 114 -> 108 -> 109 -> 15,2 -> 126 -> 127 -> 133 -> 99,2 -> 126 -> 125 -> 123 -> 122 -> 115 -> 114 -> 108 -> 101,2 -> 126 -> 125 -> 123 -> 122 -> 115 -> 114 -> 108 -> 101 -> 13 -> 102,2 -> 126 -> 125 -> 123 -> 122 -> 115 -> 114 -> 108 -> 109 -> 110 -> 103,2 -> 126 -> 125 -> 123 -> 122 -> 115 -> 114 -> 108 -> 109 -> 110 -> 103 -> 104,2 -> 126 -> 125 -> 123 -> 122 -> 115 -> 114 -> 108 -> 109 -> 110 -> 103 -> 104 -> 105,2 -> 126 -> 125 -> 123 -> 122 -> 115 -> 114 -> 108 -> 109 -> 110 -> 103 -> 104 -> 105 -> 106,2 -> 126 -> 125 -> 123 -> 122 -> 115 -> 114 -> 108 -> 109 -> 110 -> 103 -> 104 -> 105 -> 107,2 -> 126 -> 125 -> 123 -> 122 -> 115 -> 114 -> 108,2 -> 126 -> 125 -> 123 -> 122 -> 115 -> 114 -> 108 -> 109,2 -> 126 -> 125 -> 123 -> 122 -> 115 -> 114 -> 108 -> 109 -> 110,2 -> 126 -> 125 -> 123 -> 122 -> 115 -> 114 -> 111,2 -> 126 -> 125 -> 123 -> 124 -> 116 -> 117 -> 118 -> 119 -> 112,2 -> 126 -> 125 -> 123 -> 124 -> 116 -> 117 -> 118 -> 120 -> 121 -> 113,2 -> 126 -> 125 -> 123 -> 122 -> 115 -> 114,2 -> 126 -> 125 -> 123 -> 122 -> 115,2 -> 126 -> 125 -> 123 -> 124 -> 116,2 -> 126 -> 125 -> 123 -> 124 -> 116 -> 117,2 -> 126 -> 125 -> 123 -> 124 -> 116 -> 117 -> 118,2 -> 126 -> 125 -> 123 -> 124 -> 116 -> 117 -> 118 -> 119,2 -> 126 -> 125 -> 123 -> 124 -> 116 -> 117 -> 118 -> 120,2 -> 126 -> 125 -> 123 -> 124 -> 116 -> 117 -> 118 -> 120 -> 121,2 -> 126 -> 125 -> 123 -> 122,2 -> 126 -> 125 -> 123,2 -> 126 -> 125 -> 123 -> 124,2 -> 126 -> 125,2 -> 126,2 -> 126 -> 127,2 -> 126 -> 125 -> 128,2 -> 126 -> 125 -> 128 -> 129,2 -> 126 -> 127 -> 133 -> 132 -> 131 -> 130,2 -> 126 -> 127 -> 133 -> 132 -> 131,2 -> 126 -> 127 -> 133 -> 132,2 -> 126 -> 127 -> 133
3,3 -> 117 -> 116 -> 124 -> 127 -> 133 -> 132 -> 131 -> 129 -> 128 -> 1,3 -> 117 -> 116 -> 124 -> 123 -> 125 -> 126 -> 2,,3 -> 117 -> 118 -> 120 -> 121 -> 4,3 -> 117 -> 116 -> 115 -> 114 -> 108 -> 101 -> 5,3 -> 117 -> 116 -> 124 -> 127 -> 133 -> 132 -> 131 -> 130 -> 6,3 -> 117 -> 116 -> 124 -> 123 -> 122 -> 11,3 -> 117 -> 118 -> 119 -> 112 -> 107 -> 105 -> 106 -> 12,3 -> 117 -> 116 -> 115 -> 114 -> 108 -> 101 -> 13,3 -> 117 -> 116 -> 124 -> 127 -> 133 -> 132 -> 14,3 -> 117 -> 116 -> 115 -> 114 -> 108 -> 109 -> 15,3 -> 117 -> 116 -> 124 -> 127 -> 133 -> 99,3 -> 117 -> 116 -> 115 -> 114 -> 108 -> 101,3 -> 117 -> 116 -> 115 -> 114 -> 108 -> 101 -> 13 -> 102,3 -> 117 -> 116 -> 115 -> 114 -> 108 -> 109 -> 110 -> 103,3 -> 117 -> 118 -> 119 -> 112 -> 107 -> 105 -> 104,3 -> 117 -> 118 -> 119 -> 112 -> 107 -> 105,3 -> 117 -> 118 -> 119 -> 112 -> 107 -> 105 -> 106,3 -> 117 -> 118 -> 119 -> 112 -> 107,3 -> 117 -> 116 -> 115 -> 114 -> 108,3 -> 117 -> 116 -> 115 -> 114 -> 108 -> 109,3 -> 117 -> 116 -> 115 -> 114 -> 108 -> 109 -> 110,3 -> 117 -> 116 -> 115 -> 114 -> 111,3 -> 117 -> 118 -> 119 -> 112,3 -> 117 -> 118 -> 120 -> 121 -> 113,3 -> 117 -> 116 -> 115 -> 114,3 -> 117 -> 116 -> 115,3 -> 117 -> 116,3 -> 117,3 -> 117 -> 118,3 -> 117 -> 118 -> 119,3 -> 117 -> 118 -> 120,3 -> 117 -> 118 -> 120 -> 121,3 -> 117 -> 116 -> 124 -> 123 -> 122,3 -> 117 -> 116 -> 124 -> 123,3 -> 117 -> 116 -> 124,3 -> 117 -> 116 -> 124 -> 123 -> 125,3 -> 117 -> 116 -> 124 -> 123 -> 125 -> 126,3 -> 117 -> 116 -> 124 -> 127,3 -> 117 -> 116 -> 124 -> 127 -> 133 -> 132 -> 131 -> 129 -> 128,3 -> 117 -> 116 -> 124 -> 127 -> 133 -> 132 -> 131 -> 129,3 -> 117 -> 116 -> 124 -> 127 -> 133 -> 132 -> 131 -> 130,3 -> 117 -> 116 -> 124 -> 127 -> 133 -> 132 -> 131,3 -> 117 -> 116 -> 124 -> 127 -> 133 -> 132,3 -> 117 -> 116 -> 124 -> 127 -> 133
4,4 -> 121 -> 120 -> 118 -> 117 -> 116 -> 124 -> 127 -> 133 -> 132 -> 131 -> 129 -> 128 -> 1,4 -> 121 -> 120 -> 118 -> 117 -> 116 -> 124 -> 123 -> 125 -> 126 -> 2,4 -> 121 -> 120 -> 118 -> 117 -> 3,,4 -> 121 -> 120 -> 118 -> 117 -> 116 -> 115 -> 114 -> 108 -> 101 -> 5,4 -> 121 -> 120 -> 118 -> 117 -> 116 -> 124 -> 127 -> 133 -> 132 -> 131 -> 130 -> 6,4 -> 121 -> 120 -> 118 -> 117 -> 116 -> 124 -> 123 -> 122 -> 11,4 -> 121 -> 113 -> 107 -> 105 -> 106 -> 12,4 -> 121 -> 120 -> 118 -> 117 -> 116 -> 115 -> 114 -> 108 -> 101 -> 13,4 -> 121 -> 120 -> 118 -> 117 -> 116 -> 124 -> 127 -> 133 -> 132 -> 14,4 -> 121 -> 120 -> 118 -> 117 -> 116 -> 115 -> 114 -> 108 -> 109 -> 15,4 -> 121 -> 120 -> 118 -> 117 -> 116 -> 124 -> 127 -> 133 -> 99,4 -> 121 -> 120 -> 118 -> 117 -> 116 -> 115 -> 114 -> 108 -> 101,4 -> 121 -> 120 -> 118 -> 117 -> 116 -> 115 -> 114 -> 108 -> 101 -> 13 -> 102,4 -> 121 -> 113 -> 107 -> 105 -> 104 -> 103,4 -> 121 -> 113 -> 107 -> 105 -> 104,4 -> 121 -> 113 -> 107 -> 105,4 -> 121 -> 113 -> 107 -> 105 -> 106,4 -> 121 -> 113 -> 107,4 -> 121 -> 120 -> 118 -> 117 -> 116 -> 115 -> 114 -> 108,4 -> 121 -> 120 -> 118 -> 117 -> 116 -> 115 -> 114 -> 108 -> 109,4 -> 121 -> 120 -> 118 -> 117 -> 116 -> 115 -> 114 -> 108 -> 109 -> 110,4 -> 121 -> 113 -> 107 -> 105 -> 104 -> 111,4 -> 121 -> 113 -> 112,4 -> 121 -> 113,4 -> 121 -> 120 -> 118 -> 117 -> 116 -> 115 -> 114,4 -> 121 -> 120 -> 118 -> 117 -> 116 -> 115,4 -> 121 -> 120 -> 118 -> 117 -> 116,4 -> 121 -> 120 -> 118 -> 117,4 -> 121 -> 120 -> 118,4 -> 121 -> 120 -> 119,4 -> 121 -> 120,4 -> 121,4 -> 121 -> 120 -> 118 -> 117 -> 116 -> 124 -> 123 -> 122,4 -> 121 -> 120 -> 118 -> 117 -> 116 -> 124 -> 123,4 -> 121 -> 120 -> 118 -> 117 -> 116 -> 124,4 -> 121 -> 120 -> 118 -> 117 -> 116 -> 124 -> 123 -> 125,4 -> 121 -> 120 -> 118 -> 117 -> 116 -> 124 -> 123 -> 125 -> 126,4 -> 121 -> 120 -> 118 -> 117 -> 116 -> 124 -> 127,4 -> 121 -> 120 -> 118 -> 117 -> 116 -> 124 -> 127 -> 133 -> 132 -> 131 -> 129 -> 128,4 -> 121 -> 120 -> 118 -> 117 -> 116 -> 124 -> 127 -> 133 -> 132 -> 131 -> 129,4 -> 121 -> 120 -> 118 -> 117 -> 116 -> 124 -> 127 -> 133 -> 132 -> 131 -> 130,4 -> 121 -> 120 -> 118 -> 117 -> 116 -> 124 -> 127 -> 133 -> 132 -> 131,4 -> 121 -> 120 -> 118 -> 117 -> 116 -> 124 -> 127 -> 133 -> 132,4 -> 121 -> 120 -> 118 -> 117 -> 116 -> 124 -> 127 -> 133
5,5 -> 101 -> 108 -> 114 -> 115 -> 122 -> 123 -> 124 -> 127 -> 133 -> 132 -> 131 -> 129 -> 128 -> 1,5 -> 101 -> 108 -> 114 -> 115 -> 122 -> 123 -> 125 -> 126 -> 2,5 -> 101 -> 108 -> 114 -> 115 -> 116 -> 117 -> 3,5 -> 101 -> 108 -> 114 -> 115 -> 116 -> 117 -> 118 -> 120 -> 121 -> 4,,5 -> 101 -> 108 -> 114 -> 115 -> 122 -> 123 -> 124 -> 127 -> 133 -> 132 -> 131 -> 130 -> 6,5 -> 101 -> 108 -> 114 -> 115 -> 122 -> 11,5 -> 101 -> 13 -> 102 -> 103 -> 104 -> 105 -> 106 -> 12,5 -> 101 -> 13,5 -> 101 -> 108 -> 114 -> 115 -> 122 -> 123 -> 124 -> 127 -> 133 -> 132 -> 14,5 -> 101 -> 108 -> 109 -> 15,5 -> 101 -> 108 -> 114 -> 115 -> 122 -> 123 -> 124 -> 127 -> 133 -> 99,5 -> 101,5 -> 101 -> 13 -> 102,5 -> 101 -> 13 -> 102 -> 103,5 -> 101 -> 13 -> 102 -> 103 -> 104,5 -> 101 -> 13 -> 102 -> 103 -> 104 -> 105,5 -> 101 -> 13 -> 102 -> 103 -> 104 -> 105 -> 106,5 -> 101 -> 13 -> 102 -> 103 -> 104 -> 105 -> 107,5 -> 101 -> 108,5 -> 101 -> 108 -> 109,5 -> 101 -> 13 -> 102 -> 103 -> 110,5 -> 101 -> 13 -> 102 -> 103 -> 110 -> 111,5 -> 101 -> 13 -> 102 -> 103 -> 104 -> 105 -> 107 -> 112,5 -> 101 -> 13 -> 102 -> 103 -> 104 -> 105 -> 107 -> 113,5 -> 101 -> 108 -> 114,5 -> 101 -> 108 -> 114 -> 115,5 -> 101 -> 108 -> 114 -> 115 -> 116,5 -> 101 -> 108 -> 114 -> 115 -> 116 -> 117,5 -> 101 -> 108 -> 114 -> 115 -> 116 -> 117 -> 118,5 -> 101 -> 108 -> 114 -> 115 -> 116 -> 117 -> 118 -> 119,5 -> 101 -> 108 -> 114 -> 115 -> 116 -> 117 -> 118 -> 120,5 -> 101 -> 108 -> 114 -> 115 -> 116 -> 117 -> 118 -> 120 -> 121,5 -> 101 -> 108 -> 114 -> 115 -> 122,5 -> 101 -> 108 -> 114 -> 115 -> 122 -> 123,5 -> 101 -> 108 -> 114 -> 115 -> 122 -> 123 -> 124,5 -> 101 -> 108 -> 114 -> 115 -> 122 -> 123 -> 125,5 -> 101 -> 108 -> 114 -> 115 -> 122 -> 123 -> 125 -> 126,5 -> 101 -> 108 -> 114 -> 115 -> 122 -> 123 -> 124 -> 127,5 -> 101 -> 108 -> 114 -> 115 -> 122 -> 123 -> 124 -> 127 -> 133 -> 132 -> 131 -> 129 -> 128,5 -> 101 -> 108 -> 114 -> 115 -> 122 -> 123 -> 124 -> 127 -> 133 -> 132 -> 131 -> 129,5 -> 101 -> 108 -> 114 -> 115 -> 122 -> 123 -> 124 -> 127 -> 133 -> 132 -> 131 -> 130,5 -> 101 -> 108 -> 114 -> 115 -> 122 -> 123 -> 124 -> 127 -> 133 -> 132 -> 131,5 -> 101 -> 108 -> 114 -> 115 -> 122 -> 123 -> 124 -> 127 -> 133 -> 132,5 -> 101 -> 108 -> 114 -> 115 -> 122 -> 123 -> 124 -> 127 -> 133
6,6 -> 130 -> 129 -> 128 -> 1,6 -> 130 -> 131 -> 132 -> 133 -> 127 -> 126 -> 2,6 -> 130 -> 131 -> 132 -> 133 -> 127 -> 124 -> 116 -> 117 -> 3,6 -> 130 -> 131 -> 132 -> 133 -> 127 -> 124 -> 116 -> 117 -> 118 -> 120 -> 121 -> 4,6 -> 130 -> 131 -> 132 -> 133 -> 127 -> 124 -> 123 -> 122 -> 115 -> 114 -> 108 -> 101 -> 5,,6 -> 130 -> 131 -> 132 -> 133 -> 127 -> 124 -> 123 -> 122 -> 11,6 -> 130 -> 131 -> 132 -> 133 -> 127 -> 124 -> 123 -> 122 -> 115 -> 114 -> 108 -> 109 -> 110 -> 103 -> 104 -> 105 -> 106 -> 12,6 -> 130 -> 131 -> 132 -> 133 -> 127 -> 124 -> 123 -> 122 -> 115 -> 114 -> 108 -> 101 -> 13,6 -> 130 -> 131 -> 132 -> 14,6 -> 130 -> 131 -> 132 -> 133 -> 127 -> 124 -> 123 -> 122 -> 115 -> 114 -> 108 -> 109 -> 15,6 -> 130 -> 131 -> 132 -> 133 -> 99,6 -> 130 -> 131 -> 132 -> 133 -> 127 -> 124 -> 123 -> 122 -> 115 -> 114 -> 108 -> 101,6 -> 130 -> 131 -> 132 -> 133 -> 127 -> 124 -> 123 -> 122 -> 115 -> 114 -> 108 -> 101 -> 13 -> 102,6 -> 130 -> 131 -> 132 -> 133 -> 127 -> 124 -> 123 -> 122 -> 115 -> 114 -> 108 -> 109 -> 110 -> 103,6 -> 130 -> 131 -> 132 -> 133 -> 127 -> 124 -> 123 -> 122 -> 115 -> 114 -> 108 -> 109 -> 110 -> 103 -> 104,6 -> 130 -> 131 -> 132 -> 133 -> 127 -> 124 -> 123 -> 122 -> 115 -> 114 -> 108 -> 109 -> 110 -> 103 -> 104 -> 105,6 -> 130 -> 131 -> 132 -> 133 -> 127 -> 124 -> 123 -> 122 -> 115 -> 114 -> 108 -> 109 -> 110 -> 103 -> 104 -> 105 -> 106,6 -> 130 -> 131 -> 132 -> 133 -> 127 -> 124 -> 123 -> 122 -> 115 -> 114 -> 108 -> 109 -> 110 -> 103 -> 104 -> 105 -> 107,6 -> 130 -> 131 -> 132 -> 133 -> 127 -> 124 -> 123 -> 122 -> 115 -> 114 -> 108,6 -> 130 -> 131 -> 132 -> 133 -> 127 -> 124 -> 123 -> 122 -> 115 -> 114 -> 108 -> 109,6 -> 130 -> 131 -> 132 -> 133 -> 127 -> 124 -> 123 -> 122 -> 115 -> 114 -> 108 -> 109 -> 110,6 -> 130 -> 131 -> 132 -> 133 -> 127 -> 124 -> 123 -> 122 -> 115 -> 114 -> 111,6 -> 130 -> 131 -> 132 -> 133 -> 127 -> 124 -> 116 -> 117 -> 118 -> 119 -> 112,6 -> 130 -> 131 -> 132 -> 133 -> 127 -> 124 -> 116 -> 117 -> 118 -> 120 -> 121 -> 113,6 -> 130 -> 131 -> 132 -> 133 -> 127 -> 124 -> 123 -> 122 -> 115 -> 114,6 -> 130 -> 131 -> 132 -> 133 -> 127 -> 124 -> 123 -> 122 -> 115,6 -> 130 -> 131 -> 132 -> 133 -> 127 -> 124 -> 116,6 -> 130 -> 131 -> 132 -> 133 -> 127 -> 124 -> 116 -> 117,6 -> 130 -> 131 -> 132 -> 133 -> 127 -> 124 -> 116 -> 117 -> 118,6 -> 130 -> 131 -> 132 -> 133 -> 127 -> 124 -> 116 -> 117 -> 118 -> 119,6 -> 130 -> 131 -> 132 -> 133 -> 127 -> 124 -> 116 -> 117 -> 118 -> 120,6 -> 130 -> 131 -> 132 -> 133 -> 127 -> 124 -> 116 -> 117 -> 118 -> 120 -> 121,6 -> 130 -> 131 -> 132 -> 133 -> 127 -> 124 -> 123 -> 122,6 -> 130 -> 131 -> 132 -> 133 -> 127 -> 124 -> 123,6 -> 130 -> 131 -> 132 -> 133 -> 127 -> 124,6 -> 130 -> 131 -> 132 -> 133 -> 127 -> 126 -> 125,6 -> 130 -> 131 -> 132 -> 133 -> 127 -> 126,6 -> 130 -> 131 -> 132 -> 133 -> 127,6 -> 130 -> 129 -> 128,6 -> 130 -> 129,6 -> 130,6 -> 130 -> 131,6 -> 130 -> 131 -> 132,6 -> 130 -> 131 -> 132 -> 133
11,11 -> 122 -> 123 -> 124 -> 127 -> 133 -> 132 -> 131 -> 129 -> 128 -> 1,11 -> 122 -> 123 -> 125 -> 126 -> 2,11 -> 122 -> 123 -> 124 -> 116 -> 117 -> 3,11 -> 122 -> 123 -> 124 -> 116 -> 117 -> 118 -> 120 -> 121 -> 4,11 -> 122 -> 115 -> 114 -> 108 -> 101 -> 5,11 -> 122 -> 123 -> 124 -> 127 -> 133 -> 132 -> 131 -> 130 -> 6,,11 -> 122 -> 115 -> 114 -> 108 -> 109 -> 110 -> 103 -> 104 -> 105 -> 106 -> 12,11 -> 122 -> 115 -> 114 -> 108 -> 101 -> 13,11 -> 122 -> 123 -> 124 -> 127 -> 133 -> 132 -> 14,11 -> 122 -> 115 -> 114 -> 108 -> 109 -> 15,11 -> 122 -> 123 -> 124 -> 127 -> 133 -> 99,11 -> 122 -> 115 -> 114 -> 108 -> 101,11 -> 122 -> 115 -> 114 -> 108 -> 101 -> 13 -> 102,11 -> 122 -> 115 -> 114 -> 108 -> 109 -> 110 -> 103,11 -> 122 -> 115 -> 114 -> 108 -> 109 -> 110 -> 103 -> 104,11 -> 122 -> 115 -> 114 -> 108 -> 109 -> 110 -> 103 -> 104 -> 105,11 -> 122 -> 115 -> 114 -> 108 -> 109 -> 110 -> 103 -> 104 -> 105 -> 106,11 -> 122 -> 115 -> 114 -> 108 -> 109 -> 110 -> 103 -> 104 -> 105 -> 107,11 -> 122 -> 115 -> 114 -> 108,11 -> 122 -> 115 -> 114 -> 108 -> 109,11 -> 122 -> 115 -> 114 -> 108 -> 109 -> 110,11 -> 122 -> 115 -> 114 -> 111,11 -> 122 -> 123 -> 124 -> 116 -> 117 -> 118 -> 119 -> 112,11 -> 122 -> 123 -> 124 -> 116 -> 117 -> 118 -> 120 -> 121 -> 113,11 -> 122 -> 115 -> 114,11 -> 122 -> 115,11 -> 122 -> 123 -> 124 -> 116,11 -> 122 -> 123 -> 124 -> 116 -> 117,11 -> 122 -> 123 -> 124 -> 116 -> 117 -> 118,11 -> 122 -> 123 -> 124 -> 116 -> 117 -> 118 -> 119,11 -> 122 -> 123 -> 124 -> 116 -> 117 -> 118 -> 120,11 -> 122 -> 123 -> 124 -> 116 -> 117 -> 118 -> 120 -> 121,11 -> 122,11 -> 122 -> 123,11 -> 122 -> 123 -> 124,11 -> 122 -> 123 -> 125,11 -> 122 -> 123 -> 125 -> 126,11 -> 122 -> 123 -> 124 -> 127,11 -> 122 -> 123 -> 124 -> 127 -> 133 -> 132 -> 131 -> 129 -> 128,11 -> 122 -> 123 -> 124 -> 127 -> 133 -> 132 -> 131 -> 129,11 -> 122 -> 123 -> 124 -> 127 -> 133 -> 132 -> 131 -> 130,11 -> 122 -> 123 -> 124 -> 127 -> 133 -> 132 -> 131,11 -> 122 -> 123 -> 124 -> 127 -> 133 -> 132,11 -> 122 -> 123 -> 124 -> 127 -> 133
12,12 -> 106 -> 105 -> 104 -> 103 -> 110 -> 109 -> 108 -> 114 -> 115 -> 122 -> 123 -> 124 -> 127 -> 133 -> 132 -> 131 -> 129 -> 128 -> 1,12 -> 106 -> 105 -> 104 -> 103 -> 110 -> 109 -> 108 -> 114 -> 115 -> 122 -> 123 -> 125 -> 126 -> 2,12 -> 106 -> 105 -> 107 -> 112 -> 119 -> 118 -> 117 -> 3,12 -> 106 -> 105 -> 107 -> 113 -> 121 -> 4,12 -> 106 -> 105 -> 104 -> 103 -> 102 -> 13 -> 101 -> 5,12 -> 106 -> 105 -> 104 -> 103 -> 110 -> 109 -> 108 -> 114 -> 115 -> 122 -> 123 -> 124 -> 127 -> 133 -> 132 -> 131 -> 130 -> 6,12 -> 106 -> 105 -> 104 -> 103 -> 110 -> 109 -> 108 -> 114 -> 115 -> 122 -> 11,,12 -> 106 -> 105 -> 104 -> 103 -> 102 -> 13,12 -> 106 -> 105 -> 104 -> 103 -> 110 -> 109 -> 108 -> 114 -> 115 -> 122 -> 123 -> 124 -> 127 -> 133 -> 132 -> 14,12 -> 106 -> 105 -> 104 -> 103 -> 110 -> 109 -> 15,12 -> 106 -> 105 -> 104 -> 103 -> 110 -> 109 -> 108 -> 114 -> 115 -> 122 -> 123 -> 124 -> 127 -> 133 -> 99,12 -> 106 -> 105 -> 104 -> 103 -> 102 -> 13 -> 101,12 -> 106 -> 105 -> 104 -> 103 -> 102,12 -> 106 -> 105 -> 104 -> 103,12 -> 106 -> 105 -> 104,12 -> 106 -> 105,12 -> 106,12 -> 106 -> 105 -> 107,12 -> 106 -> 105 -> 104 -> 103 -> 110 -> 109 -> 108,12 -> 106 -> 105 -> 104 -> 103 -> 110 -> 109,12 -> 106 -> 105 -> 104 -> 103 -> 110,12 -> 106 -> 105 -> 104 -> 111,12 -> 106 -> 105 -> 107 -> 112,12 -> 106 -> 105 -> 107 -> 113,12 -> 106 -> 105 -> 104 -> 103 -> 110 -> 109 -> 108 -> 114,12 -> 106 -> 105 -> 104 -> 103 -> 110 -> 109 -> 108 -> 114 -> 115,12 -> 106 -> 105 -> 104 -> 103 -> 110 -> 109 -> 108 -> 114 -> 115 -> 116,12 -> 106 -> 105 -> 107 -> 112 -> 119 -> 118 -> 117,12 -> 106 -> 105 -> 107 -> 112 -> 119 -> 118,12 -> 106 -> 105 -> 107 -> 112 -> 119,12 -> 106 -> 105 -> 107 -> 113 -> 121 -> 120,12 -> 106 -> 105 -> 107 -> 113 -> 121,12 -> 106 -> 105 -> 104 -> 103 -> 110 -> 109 -> 108 -> 114 -> 115 -> 122,12 -> 106 -> 105 -> 104 -> 103 -> 110 -> 109 -> 108 -> 114 -> 115 -> 122 -> 123,12 -> 106 -> 105 -> 104 -> 103 -> 110 -> 109 -> 108 -> 114 -> 115 -> 122 -> 123 -> 124,12 -> 106 -> 105 -> 104 -> 103 -> 110 -> 109 -> 108 -> 114 -> 115 -> 122 -> 123 -> 125,12 -> 106 -> 105 -> 104 -> 103 -> 110 -> 109 -> 108 -> 114 -> 115 -> 122 -> 123 -> 125 -> 126,12 -> 106 -> 105 -> 104 -> 103 -> 110 -> 109 -> 108 -> 114 -> 115 -> 122 -> 123 -> 124 -> 127,12 -> 106 -> 105 -> 104 -> 103 -> 110 -> 109 -> 108 -> 114 -> 115 -> 122 -> 123 -> 124 -> 127 -> 133 -> 132 -> 131 -> 129 -> 128,12 -> 106 -> 105 -> 104 -> 103 -> 110 -> 109 -> 108 -> 114 -> 115 -> 122 -> 123 -> 124 -> 127 -> 133 -> 132 -> 131 -> 129,12 -> 106 -> 105 -> 104 -> 103 -> 110 -> 109 -> 108 -> 114 -> 115 -> 122 -> 123 -> 124 -> 127 -> 133 -> 132 -> 131 -> 130,12 -> 106 -> 105 -> 104 -> 103 -> 110 -> 109 -> 108 -> 114 -> 115 -> 122 -> 123 -> 124 -> 127 -> 133 -> 132 -> 131,12 -> 106 -> 105 -> 104 -> 103 -> 110 -> 109 -> 108 -> 114 -> 115 -> 122 -> 123 -> 124 -> 127 -> 133 -> 132,12 -> 106 -> 105 -> 104 -> 103 -> 110 -> 109 -> 108 -> 114 -> 115 -> 122 -> 123 -> 124 -> 127 -> 133
13,13 -> 101 -> 108 -> 114 -> 115 -> 122 -> 123 -> 124 -> 127 -> 133 -> 132 -> 131 -> 129 -> 128 -> 1,13 -> 101 -> 108 -> 114 -> 115 -> 122 -> 123 -> 125 -> 126 -> 2,13 -> 101 -> 108 -> 114 -> 115 -> 116 -> 117 -> 3,13 -> 101 -> 108 -> 114 -> 115 -> 116 -> 117 -> 118 -> 120 -> 121 -> 4,13 -> 101 -> 5,13 -> 101 -> 108 -> 114 -> 115 -> 122 -> 123 -> 124 -> 127 -> 133 -> 132 -> 131 -> 130 -> 6,13 -> 101 -> 108 -> 114 -> 115 -> 122 -> 11,13 -> 102 -> 103 -> 104 -> 105 -> 106 -> 12,,13 -> 101 -> 108 -> 114 -> 115 -> 122 -> 123 -> 124 -> 127 -> 133 -> 132 -> 14,13 -> 101 -> 108 -> 109 -> 15,13 -> 101 -> 108 -> 114 -> 115 -> 122 -> 123 -> 124 -> 127 -> 133 -> 99,13 -> 101,13 -> 102,13 -> 102 -> 103,13 -> 102 -> 103 -> 104,13 -> 102 -> 103 -> 104 -> 105,13 -> 102 -> 103 -> 104 -> 105 -> 106,13 -> 102 -> 103 -> 104 -> 105 -> 107,13 -> 101 -> 108,13 -> 101 -> 108 -> 109,13 -> 102 -> 103 -> 110,13 -> 102 -> 103 -> 110 -> 111,13 -> 102 -> 103 -> 104 -> 105 -> 107 -> 112,13 -> 102 -> 103 -> 104 -> 105 -> 107 -> 113,13 -> 101 -> 108 -> 114,13 -> 101 -> 108 -> 114 -> 115,13 -> 101 -> 108 -> 114 -> 115 -> 116,13 -> 101 -> 108 -> 114 -> 115 -> 116 -> 117,13 -> 101 -> 108 -> 114 -> 115 -> 116 -> 117 -> 118,13 -> 101 -> 108 -> 114 -> 115 -> 116 -> 117 -> 118 -> 119,13 -> 101 -> 108 -> 114 -> 115 -> 116 -> 117 -> 118 -> 120,13 -> 101 -> 108 -> 114 -> 115 -> 116 -> 117 -> 118 -> 120 -> 121,13 -> 101 -> 108 -> 114 -> 115 -> 122,13 -> 101 -> 108 -> 114 -> 115 -> 122 -> 123,13 -> 101 -> 108 -> 114 -> 115 -> 122 -> 123 -> 124,13 -> 101 -> 108 -> 114 -> 115 -> 122 -> 123 -> 125,13 -> 101 -> 108 -> 114 -> 115 -> 122 -> 123 -> 125 -> 126,13 -> 101 -> 108 -> 114 -> 115 -> 122 -> 123 -> 124 -> 127,13 -> 101 -> 108 -> 114 -> 115 -> 122 -> 123 -> 124 -> 127 -> 133 -> 132 -> 131 -> 129 -> 128,13 -> 101 -> 108 -> 114 -> 115 -> 122 -> 123 -> 124 -> 127 -> 133 -> 132 -> 131 -> 129,13 -> 101 -> 108 -> 114 -> 115 -> 122 -> 123 -> 124 -> 127 -> 133 -> 132 -> 131 -> 130,13 -> 101 -> 108 -> 114 -> 115 -> 122 -> 123 -> 124 -> 127 -> 133 -> 132 -> 131,13 -> 101 -> 108 -> 114 -> 115 -> 122 -> 123 -> 124 -> 127 -> 133 -> 132,13 -> 101 -> 108 -> 114 -> 115 -> 122 -> 123 -> 124 -> 127 -> 133
14,14 -> 132 -> 131 -> 129 -> 128 -> 1,14 -> 132 -> 133 -> 127 -> 126 -> 2,14 -> 132 -> 133 -> 127 -> 124 -> 116 -> 117 -> 3,14 -> 132 -> 133 -> 127 -> 124 -> 116 -> 117 -> 118 -> 120 -> 121 -> 4,14 -> 132 -> 133 -> 127 -> 124 -> 123 -> 122 -> 115 -> 114 -> 108 -> 101 -> 5,14 -> 132 -> 131 -> 130 -> 6,14 -> 132 -> 133 -> 127 -> 124 -> 123 -> 122 -> 11,14 -> 132 -> 133 -> 127 -> 124 -> 123 -> 122 -> 115 -> 114 -> 108 -> 109 -> 110 -> 103 -> 104 -> 105 -> 106 -> 12,14 -> 132 -> 133 -> 127 -> 124 -> 123 -> 122 -> 115 -> 114 -> 108 -> 101 -> 13,,14 -> 132 -> 133 -> 127 -> 124 -> 123 -> 122 -> 115 -> 114 -> 108 -> 109 -> 15,14 -> 132 -> 133 -> 99,14 -> 132 -> 133 -> 127 -> 124 -> 123 -> 122 -> 115 -> 114 -> 108 -> 101,14 -> 132 -> 133 -> 127 -> 124 -> 123 -> 122 -> 115 -> 114 -> 108 -> 101 -> 13 -> 102,14 -> 132 -> 133 -> 127 -> 124 -> 123 -> 122 -> 115 -> 114 -> 108 -> 109 -> 110 -> 103,14 -> 132 -> 133 -> 127 -> 124 -> 123 -> 122 -> 115 -> 114 -> 108 -> 109 -> 110 -> 103 -> 104,14 -> 132 -> 133 -> 127 -> 124 -> 123 -> 122 -> 115 -> 114 -> 108 -> 109 -> 110 -> 103 -> 104 -> 105,14 -> 132 -> 133 -> 127 -> 124 -> 123 -> 122 -> 115 -> 114 -> 108 -> 109 -> 110 -> 103 -> 104 -> 105 -> 106,14 -> 132 -> 133 -> 127 -> 124 -> 123 -> 122 -> 115 -> 114 -> 108 -> 109 -> 110 -> 103 -> 104 -> 105 -> 107,14 -> 132 -> 133 -> 127 -> 124 -> 123 -> 122 -> 115 -> 114 -> 108,14 -> 132 -> 133 -> 127 -> 124 -> 123 -> 122 -> 115 -> 114 -> 108 -> 109,14 -> 132 -> 133 -> 127 -> 124 -> 123 -> 122 -> 115 -> 114 -> 108 -> 109 -> 110,14 -> 132 -> 133 -> 127 -> 124 -> 123 -> 122 -> 115 -> 114 -> 111,14 -> 132 -> 133 -> 127 -> 124 -> 116 -> 117 -> 118 -> 119 -> 112,14 -> 132 -> 133 -> 127 -> 124 -> 116 -> 117 -> 118 -> 120 -> 121 -> 113,14 -> 132 -> 133 -> 127 -> 124 -> 123 -> 122 -> 115 -> 114,14 -> 132 -> 133 -> 127 -> 124 -> 123 -> 122 -> 115,14 -> 132 -> 133 -> 127 -> 124 -> 116,14 -> 132 -> 133 -> 127 -> 124 -> 116 -> 117,14 -> 132 -> 133 -> 127 -> 124 -> 116 -> 117 -> 118,14 -> 132 -> 133 -> 127 -> 124 -> 116 -> 117 -> 118 -> 119,14 -> 132 -> 133 -> 127 -> 124 -> 116 -> 117 -> 118 -> 120,14 -> 132 -> 133 -> 127 -> 124 -> 116 -> 117 -> 118 -> 120 -> 121,14 -> 132 -> 133 -> 127 -> 124 -> 123 -> 122,14 -> 132 -> 133 -> 127 -> 124 -> 123,14 -> 132 -> 133 -> 127 -> 124,14 -> 132 -> 133 -> 127 -> 126 -> 125,14 -> 132 -> 133 -> 127 -> 126,14 -> 132 -> 133 -> 127,14 -> 132 -> 131 -> 129 -> 128,14 -> 132 -> 131 -> 129,14 -> 132 -> 131 -> 130,14 -> 132 -> 131,14 -> 132,14 -> 132 -> 133
15,15 -> 109 -> 108 -> 114 -> 115 -> 122 -> 123 -> 124 -> 127 -> 133 -> 132 -> 131 -> 129 -> 128 -> 1,15 -> 109 -> 108 -> 114 -> 115 -> 122 -> 123 -> 125 -> 126 -> 2,15 -> 109 -> 108 -> 114 -> 115 -> 116 -> 117 -> 3,15 -> 109 -> 108 -> 114 -> 115 -> 116 -> 117 -> 118 -> 120 -> 121 -> 4,15 -> 109 -> 108 -> 101 -> 5,15 -> 109 -> 108 -> 114 -> 115 -> 122 -> 123 -> 124 -> 127 -> 133 -> 132 -> 131 -> 130 -> 6,15 -> 109 -> 108 -> 114 -> 115 -> 122 -> 11,15 -> 109 -> 110 -> 103 -> 104 -> 105 -> 106 -> 12,15 -> 109 -> 108 -> 101 -> 13,15 -> 109 -> 108 -> 114 -> 115 -> 122 -> 123 -> 124 -> 127 -> 133 -> 132 -> 14,,15 -> 109 -> 108 -> 114 -> 115 -> 122 -> 123 -> 124 -> 127 -> 133 -> 99,15 -> 109 -> 108 -> 101,15 -> 109 -> 108 -> 101 -> 13 -> 102,15 -> 109 -> 110 -> 103,15 -> 109 -> 110 -> 103 -> 104,15 -> 109 -> 110 -> 103 -> 104 -> 105,15 -> 109 -> 110 -> 103 -> 104 -> 105 -> 106,15 -> 109 -> 110 -> 103 -> 104 -> 105 -> 107,15 -> 109 -> 108,15 -> 109,15 -> 109 -> 110,15 -> 109 -> 110 -> 111,15 -> 109 -> 110 -> 103 -> 104 -> 105 -> 107 -> 112,15 -> 109 -> 110 -> 103 -> 104 -> 105 -> 107 -> 113,15 -> 109 -> 108 -> 114,15 -> 109 -> 108 -> 114 -> 115,15 -> 109 -> 108 -> 114 -> 115 -> 116,15 -> 109 -> 108 -> 114 -> 115 -> 116 -> 117,15 -> 109 -> 108 -> 114 -> 115 -> 116 -> 117 -> 118,15 -> 109 -> 108 -> 114 -> 115 -> 116 -> 117 -> 118 -> 119,15 -> 109 -> 108 -> 114 -> 115 -> 116 -> 117 -> 118 -> 120,15 -> 109 -> 108 -> 114 -> 115 -> 116 -> 117 -> 118 -> 120 -> 121,15 -> 109 -> 108 -> 114 -> 115 -> 122,15 -> 109 -> 108 -> 114 -> 115 -> 122 -> 123,15 -> 109 -> 108 -> 114 -> 115 -> 122 -> 123 -> 124,15 -> 109 -> 108 -> 114 -> 115 -> 122 -> 123 -> 125,15 -> 109 -> 108 -> 114 -> 115 -> 122 -> 123 -> 125 -> 126,15 -> 109 -> 108 -> 114 -> 115 -> 122 -> 123 -> 124 -> 127,15 -> 109 -> 108 -> 114 -> 115 -> 122 -> 123 -> 124 -> 127 -> 133 -> 132 -> 131 -> 129 -> 128,15 -> 109 -> 108 -> 114 -> 115 -> 122 -> 123 -> 124 -> 127 -> 133 -> 132 -> 131 -> 129,15 -> 109 -> 108 -> 114 -> 115 -> 122 -> 123 -> 124 -> 127 -> 133 -> 132 -> 131 -> 130,15 -> 109 -> 108 -> 114 -> 115 -> 122 -> 123 -> 124 -> 127 -> 133 -> 132 -> 131,15 -> 109 -> 108 -> 114 -> 115 -> 122 -> 123 -> 124 -> 127 -> 133 -> 132,15 -> 109 -> 108 -> 114 -> 115 -> 122 -> 123 -> 124 -> 127 -> 133
99,99 -> 133 -> 132 -> 131 -> 129 -> 128 -> 1,99 -> 133 -> 127 -> 126 -> 2,99 -> 133 -> 127 -> 124 -> 116 -> 117 -> 3,99 -> 133 -> 127 -> 124 -> 116 -> 117 -> 118 -> 120 -> 121 -> 4,99 -> 133 -> 127 -> 124 -> 123 -> 122 -> 115 -> 114 -> 108 -> 101 -> 5,99 -> 133 -> 132 -> 131 -> 130 -> 6,99 -> 133 -> 127 -> 124 -> 123 -> 122 -> 11,99 -> 133 -> 127 -> 124 -> 123 -> 122 -> 115 -> 114 -> 108 -> 109 -> 110 -> 103 -> 104 -> 105 -> 106 -> 12,99 -> 133 -> 127 -> 124 -> 123 -> 122 -> 115 -> 114 -> 108 -> 101 -> 13,99 -> 133 -> 132 -> 14,99 -> 133 -> 127 -> 124 -> 123 -> 122 -> 115 -> 114 -> 108 -> 109 -> 15,,99 -> 133 -> 127 -> 124 -> 123 -> 122 -> 115 -> 114 -> 108 -> 101,99 -> 133 -> 127 -> 124 -> 123 -> 122 -> 115 -> 114 -> 108 -> 101 -> 13 -> 102,99 -> 133 -> 127 -> 124 -> 123 -> 122 -> 115 -> 114 -> 108 -> 109 -> 110 -> 103,99 -> 133 -> 127 -> 124 -> 123 -> 122 -> 115 -> 114 -> 108 -> 109 -> 110 -> 103 -> 104,99 -> 133 -> 127 -> 124 -> 123 -> 122 -> 115 -> 114 -> 108 -> 109 -> 110 -> 103 -> 104 -> 105,99 -> 133 -> 127 -> 124 -> 123 -> 122 -> 115 -> 114 -> 108 -> 109 -> 110 -> 103 -> 104 -> 105 -> 106,99 -> 133 -> 127 -> 124 -> 123 -> 122 -> 115 -> 114 -> 108 -> 109 -> 110 -> 103 -> 104 -> 105 -> 107,99 -> 133 -> 127 -> 124 -> 123 -> 122 -> 115 -> 114 -> 108,99 -> 133 -> 127 -> 124 -> 123 -> 122 -> 115 -> 114 -> 108 -> 109,99 -> 133 -> 127 -> 124 -> 123 -> 122 -> 115 -> 114 -> 108 -> 109 -> 110,99 -> 133 -> 127 -> 124 -> 123 -> 122 -> 115 -> 114 -> 111,99 -> 133 -> 127 -> 124 -> 116 -> 117 -> 118 -> 119 -> 112,99 -> 133 -> 127 -> 124 -> 116 -> 117 -> 118 -> 120 -> 121 -> 113,99 -> 133 -> 127 -> 124 -> 123 -> 122 -> 115 -> 114,99 -> 133 -> 127 -> 124 -> 123 -> 122 -> 115,99 -> 133 -> 127 -> 124 -> 116,99 -> 133 -> 127 -> 124 -> 116 -> 117,99 -> 133 -> 127 -> 124 -> 116 -> 117 -> 118,99 -> 133 -> 127 -> 124 -> 116 -> 117 -> 118 -> 119,99 -> 133 -> 127 -> 124 -> 116 -> 117 -> 118 -> 120,99 -> 133 -> 127 -> 124 -> 116 -> 117 -> 118 -> 120 -> 121,99 -> 133 -> 127 -> 124 -> 123 -> 122,99 -> 133 -> 127 -> 124 -> 123,99 -> 133 -> 127 -> 124,99 -> 133 -> 127 -> 126 -> 125,99 -> 133 -> 127 -> 126,99 -> 133 -> 127,99 -> 133 -> 132 -> 131 -> 129 -> 128,99 -> 133 -> 132 -> 131 -> 129,99 -> 133 -> 132 -> 131 -> 130,99 -> 133 -> 132 -> 131,99 -> 133 -> 132,99 -> 133
101,101 -> 108 -> 114 -> 115 -> 122 -> 123 -> 124 -> 127 -> 133 -> 132 -> 131 -> 129 -> 128 -> 1,101 -> 108 -> 114 -> 115 -> 122 -> 123 -> 125 -> 126 -> 2,101 -> 108 -> 114 -> 115 -> 116 -> 117 -> 3,101 -> 108 -> 114 -> 115 -> 116 -> 117 -> 118 -> 120 -> 121 -> 4,101 -> 5,101 -> 108 -> 114 -> 115 -> 122 -> 123 -> 124 -> 127 -> 133 -> 132 -> 131 -> 130 -> 6,101 -> 108 -> 114 -> 115 -> 122 -> 11,101 -> 13 -> 102 -> 103 -> 104 -> 105 -> 106 -> 12,101 -> 13,101 -> 108 -> 114 -> 115 -> 122 -> 123 -> 124 -> 127 -> 133 -> 132 -> 14,101 -> 108 -> 109 -> 15,101 -> 108 -> 114 -> 115 -> 122 -> 123 -> 124 -> 127 -> 133 -> 99,,101 -> 13 -> 102,101 -> 13 -> 102 -> 103,101 -> 13 -> 102 -> 103 -> 104,101 -> 13 -> 102 -> 103 -> 104 -> 105,101 -> 13 -> 102 -> 103 -> 104 -> 105 -> 106,101 -> 13 -> 102 -> 103 -> 104 -> 105 -> 107,101 -> 108,101 -> 108 -> 109,101 -> 13 -> 102 -> 103 -> 110,101 -> 13 -> 102 -> 103 -> 110 -> 111,101 -> 13 -> 102 -> 103 -> 104 -> 105 -> 107 -> 112,101 -> 13 -> 102 -> 103 -> 104 -> 105 -> 107 -> 113,101 -> 108 -> 114,101 -> 108 -> 114 -> 115,101 -> 108 -> 114 -> 115 -> 116,101 -> 108 -> 114 -> 115 -> 116 -> 117,101 -> 108 -> 114 -> 115 -> 116 -> 117 -> 118,101 -> 108 -> 114 -> 115 -> 116 -> 117 -> 118 -> 119,101 -> 108 -> 114 -> 115 -> 116 -> 117 -> 118 -> 120,101 -> 108 -> 114 -> 115 -> 116 -> 117 -> 118 -> 120 -> 121,101 -> 108 -> 114 -> 115 -> 122,101 -> 108 -> 114 -> 115 -> 122 -> 123,101 -> 108 -> 114 -> 115 -> 122 -> 123 -> 124,101 -> 108 -> 114 -> 115 -> 122 -> 123 -> 125,101 -> 108 -> 114 -> 115 -> 122 -> 123 -> 125 -> 126,101 -> 108 -> 114 -> 115 -> 122 -> 123 -> 124 -> 127,101 -> 108 -> 114 -> 115 -> 122 -> 123 -> 124 -> 127 -> 133 -> 132 -> 131 -> 129 -> 128,101 -> 108 -> 114 -> 115 -> 122 -> 123 -> 124 -> 127 -> 133 -> 132 -> 131 -> 129,101 -> 108 -> 114 -> 115 -> 122 -> 123 -> 124 -> 127 -> 133 -> 132 -> 131 -> 130,101 -> 108 -> 114 -> 115 -> 122 -> 123 -> 124 -> 127 -> 133 -> 132 -> 131,101 -> 108 -> 114 -> 115 -> 122 -> 123 -> 124 -> 127 -> 133 -> 132,101 -> 108 -> 114 -> 115 -> 122 -> 123 -> 124 -> 127 -> 133
102,102 -> 13 -> 101 -> 108 -> 114 -> 115 -> 122 -> 123 -> 124 -> 127 -> 133 -> 132 -> 131 -> 129 -> 128 -> 1,102 -> 13 -> 101 -> 108 -> 114 -> 115 -> 122 -> 123 -> 125 -> 126 -> 2,102 -> 13 -> 101 -> 108 -> 114 -> 115 -> 116 -> 117 -> 3,102 -> 13 -> 101 -> 108 -> 114 -> 115 -> 116 -> 117 -> 118 -> 120 -> 121 -> 4,102 -> 13 -> 101 -> 5,102 -> 13 -> 101 -> 108 -> 114 -> 115 -> 122 -> 123 -> 124 -> 127 -> 133 -> 132 -> 131 -> 130 -> 6,102 -> 13 -> 101 -> 108 -> 114 -> 115 -> 122 -> 11,102 -> 103 -> 104 -> 105 -> 106 -> 12,102 -> 13,102 -> 13 -> 101 -> 108 -> 114 -> 115 -> 122 -> 123 -> 124 -> 127 -> 133 -> 132 -> 14,102 -> 13 -> 101 -> 108 -> 109 -> 15,102 -> 13 -> 101 -> 108 -> 114 -> 115 -> 122 -> 123 -> 124 -> 127 -> 133 -> 99,102 -> 13 -> 101,,102 -> 103,102 -> 103 -> 104,102 -> 103 -> 104 -> 105,102 -> 103 -> 104 -> 105 -> 106,102 -> 103 -> 104 -> 105 -> 107,102 -> 13 -> 101 -> 108,102 -> 13 -> 101 -> 108 -> 109,102 -> 103 -> 110,102 -> 103 -> 110 -> 111,102 -> 103 -> 104 -> 105 -> 107 -> 112,102 -> 103 -> 104 -> 105 -> 107 -> 113,102 -> 13 -> 101 -> 108 -> 114,102 -> 13 -> 101 -> 108 -> 114 -> 115,102 -> 13 -> 101 -> 108 -> 114 -> 115 -> 116,102 -> 13 -> 101 -> 108 -> 114 -> 115 -> 116 -> 117,102 -> 13 -> 101 -> 108 -> 114 -> 115 -> 116 -> 117 -> 118,102 -> 13 -> 101 -> 108 -> 114 -> 115 -> 116 -> 117 -> 118 -> 119,102 -> 13 -> 101 -> 108 -> 114 -> 115 -> 116 -> 117 -> 118 -> 120,102 -> 13 -> 101 -> 108 -> 114 -> 115 -> 116 -> 117 -> 118 -> 120 -> 121,102 -> 13 -> 101 -> 108 -> 114 -> 115 -> 122,102 -> 13 -> 101 -> 108 -> 114 -> 115 -> 122 -> 123,102 -> 13 -> 101 -> 108 -> 114 -> 115 -> 122 -> 123 -> 124,102 -> 13 -> 101 -> 108 -> 114 -> 115 -> 122 -> 123 -> 125,102 -> 13 -> 101 -> 108 -> 114 -> 115 -> 122 -> 123 -> 125 -> 126,102 -> 13 -> 101 -> 108 -> 114 -> 115 -> 122 -> 123 -> 124 -> 127,102 -> 13 -> 101 -> 108 -> 114 -> 115 -> 122 -> 123 -> 124 -> 127 -> 133 -> 132 -> 131 -> 129 -> 128,102 -> 13 -> 101 -> 108 -> 114 -> 115 -> 122 -> 123 -> 124 -> 127 -> 133 -> 132 -> 131 -> 129,102 -> 13 -> 101 -> 108 -> 114 -> 115 -> 122 -> 123 -> 124 -> 127 -> 133 -> 132 -> 131 -> 130,102 -> 13 -> 101 -> 108 -> 114 -> 115 -> 122 -> 123 -> 124 -> 127 -> 133 -> 132 -> 131,102 -> 13 -> 101 -> 108 -> 114 -> 115 -> 122 -> 123 -> 124 -> 127 -> 133 -> 132,102 -> 13 -> 101 -> 108 -> 114 -> 115 -> 122 -> 123 -> 124 -> 127 -> 133
103,103 -> 110 -> 109 -> 108 -> 114 -> 115 -> 122 -> 123 -> 124 -> 127 -> 133 -> 132 -> 131 -> 129 -> 128 -> 1,103 -> 110 -> 109 -> 108 -> 114 -> 115 -> 122 -> 123 -> 125 -> 126 -> 2,103 -> 110 -> 109 -> 108 -> 114 -> 115 -> 116 -> 117 -> 3,103 -> 104 -> 105 -> 107 -> 113 -> 121 -> 4,103 -> 102 -> 13 -> 101 -> 5,103 -> 110 -> 109 -> 108 -> 114 -> 115 -> 122 -> 123 -> 124 -> 127 -> 133 -> 132 -> 131 -> 130 -> 6,103 -> 110 -> 109 -> 108 -> 114 -> 115 -> 122 -> 11,103 -> 104 -> 105 -> 106 -> 12,103 -> 102 -> 13,103 -> 110 -> 109 -> 108 -> 114 -> 115 -> 122 -> 123 -> 124 -> 127 -> 133 -> 132 -> 14,103 -> 110 -> 109 -> 15,103 -> 110 -> 109 -> 108 -> 114 -> 115 -> 122 -> 123 -> 124 -> 127 -> 133 -> 99,103 -> 102 -> 13 -> 101,103 -> 102,,103 -> 104,103 -> 104 -> 105,103 -> 104 -> 105 -> 106,103 -> 104 -> 105 -> 107,103 -> 110 -> 109 -> 108,103 -> 110 -> 109,103 -> 110,103 -> 110 -> 111,103 -> 104 -> 105 -> 107 -> 112,103 -> 104 -> 105 -> 107 -> 113,103 -> 110 -> 109 -> 108 -> 114,103 -> 110 -> 109 -> 108 -> 114 -> 115,103 -> 110 -> 109 -> 108 -> 114 -> 115 -> 116,103 -> 110 -> 109 -> 108 -> 114 -> 115 -> 116 -> 117,103 -> 104 -> 105 -> 107 -> 112 -> 119 -> 118,103 -> 104 -> 105 -> 107 -> 112 -> 119,103 -> 104 -> 105 -> 107 -> 113 -> 121 -> 120,103 -> 104 -> 105 -> 107 -> 113 -> 121,103 -> 110 -> 109 -> 108 -> 114 -> 115 -> 122,103 -> 110 -> 109 -> 108 -> 114 -> 115 -> 122 -> 123,103 -> 110 -> 109 -> 108 -> 114 -> 115 -> 122 -> 123 -> 124,103 -> 110 -> 109 -> 108 -> 114 -> 115 -> 122 -> 123 -> 125,103 -> 110 -> 109 -> 108 -> 114 -> 115 -> 122 -> 123 -> 125 -> 126,103 -> 110 -> 109 -> 108 -> 114 -> 115 -> 122 -> 123 -> 124 -> 127,103 -> 110 -> 109 -> 108 -> 114 -> 115 -> 122 -> 123 -> 124 -> 127 -> 133 -> 132 -> 131 -> 129 -> 128,103 -> 110 -> 109 -> 108 -> 114 -> 115 -> 122 -> 123 -> 124 -> 127 -> 133 -> 132 -> 131 -> 129,103 -> 110 -> 109 -> 108 -> 114 -> 115 -> 122 -> 123 -> 124 -> 127 -> 133 -> 132 -> 131 -> 130,103 -> 110 -> 109 -> 108 -> 114 -> 115 -> 122 -> 123 -> 124 -> 127 -> 133 -> 132 -> 131,103 -> 110 -> 109 -> 108 -> 114 -> 115 -> 122 -> 123 -> 124 -> 127 -> 133 -> 132,103 -> 110 -> 109 -> 108 -> 114 -> 115 -> 122 -> 123 -> 124 -> 127 -> 133
104,104 -> 103 -> 110 -> 109 -> 108 -> 114 -> 115 -> 122 -> 123 -> 124 -> 127 -> 133 -> 132 -> 131 -> 129 -> 128 -> 1,104 -> 103 -> 110 -> 109 -> 108 -> 114 -> 115 -> 122 -> 123 -> 125 -> 126 -> 2,104 -> 105 -> 107 -> 112 -> 119 -> 118 -> 117 -> 3,104 -> 105 -> 107 -> 113 -> 121 -> 4,104 -> 103 -> 102 -> 13 -> 101 -> 5,104 -> 103 -> 110 -> 109 -> 108 -> 114 -> 115 -> 122 -> 123 -> 124 -> 127 -> 133 -> 132 -> 131 -> 130 -> 6,104 -> 103 -> 110 -> 109 -> 108 -> 114 -> 115 -> 122 -> 11,104 -> 105 -> 106 -> 12,104 -> 103 -> 102 -> 13,104 -> 103 -> 110 -> 109 -> 108 -> 114 -> 115 -> 122 -> 123 -> 124 -> 127 -> 133 -> 132 -> 14,104 -> 103 -> 110 -> 109 -> 15,104 -> 103 -> 110 -> 109 -> 108 -> 114 -> 115 -> 122 -> 123 -> 124 -> 127 -> 133 -> 99,104 -> 103 -> 102 -> 13 -> 101,104 -> 103 -> 102,104 -> 103,,104 -> 105,104 -> 105 -> 106,104 -> 105 -> 107,104 -> 103 -> 110 -> 109 -> 108,104 -> 103 -> 110 -> 109,104 -> 103 -> 110,104 -> 111,104 -> 105 -> 107 -> 112,104 -> 105 -> 107 -> 113,104 -> 103 -> 110 -> 109 -> 108 -> 114,104 -> 103 -> 110 -> 109 -> 108 -> 114 -> 115,104 -> 103 -> 110 -> 109 -> 108 -> 114 -> 115 -> 116,104 -> 105 -> 107 -> 112 -> 119 -> 118 -> 117,104 -> 105 -> 107 -> 112 -> 119 -> 118,104 -> 105 -> 107 -> 112 -> 119,104 -> 105 -> 107 -> 113 -> 121 -> 120,104 -> 105 -> 107 -> 113 -> 121,104 -> 103 -> 110 -> 109 -> 108 -> 114 -> 115 -> 122,104 -> 103 -> 110 -> 109 -> 108 -> 114 -> 115 -> 122 -> 123,104 -> 103 -> 110 -> 109 -> 108 -> 114 -> 115 -> 122 -> 123 -> 124,104 -> 103 -> 110 -> 109 -> 108 -> 114 -> 115 -> 122 -> 123 -> 125,104 -> 103 -> 110 -> 109 -> 108 -> 114 -> 115 -> 122 -> 123 -> 125 -> 126,104 -> 103 -> 110 -> 109 -> 108 -> 114 -> 115 -> 122 -> 123 -> 124 -> 127,104 -> 103 -> 110 -> 109 -> 108 -> 114 -> 115 -> 122 -> 123 -> 124 -> 127 -> 133 -> 132 -> 131 -> 129 -> 128,104 -> 103 -> 110 -> 109 -> 108 -> 114 -> 115 -> 122 -> 123 -> 124 -> 127 -> 133 -> 132 -> 131 -> 129,104 -> 103 -> 110 -> 109 -> 108 -> 114 -> 115 -> 122 -> 123 -> 124 -> 127 -> 133 -> 132 -> 131 -> 130,104 -> 103 -> 110 -> 109 -> 108 -> 114 -> 115 -> 122 -> 123 -> 124 -> 127 -> 133 -> 132 -> 131,104 -> 103 -> 110 -> 109 -> 108 -> 114 -> 115 -> 122 -> 123 -> 124 -> 127 -> 133 -> 132,104 -> 103 -> 110 -> 109 -> 108 -> 114 -> 115 -> 122 -> 123 -> 124 -> 127 -> 133
105,105 -> 104 -> 103 -> 110 -> 109 -> 108 -> 114 -> 115 -> 122 -> 123 -> 124 -> 127 -> 133 -> 132 -> 131 -> 129 -> 128 -> 1,105 -> 104 -> 103 -> 110 -> 109 -> 108 -> 114 -> 115 -> 122 -> 123 -> 125 -> 126 -> 2,105 -> 107 -> 112 -> 119 -> 118 -> 117 -> 3,105 -> 107 -> 113 -> 121 -> 4,105 -> 104 -> 103 -> 102 -> 13 -> 101 -> 5,105 -> 104 -> 103 -> 110 -> 109 -> 108 -> 114 -> 115 -> 122 -> 123 -> 124 -> 127 -> 133 -> 132 -> 131 -> 130 -> 6,105 -> 104 -> 103 -> 110 -> 109 -> 108 -> 114 -> 115 -> 122 -> 11,105 -> 106 -> 12,105 -> 104 -> 103 -> 102 -> 13,105 -> 104 -> 103 -> 110 -> 109 -> 108 -> 114 -> 115 -> 122 -> 123 -> 124 -> 127 -> 133 -> 132 -> 14,105 -> 104 -> 103 -> 110 -> 109 -> 15,105 -> 104 -> 103 -> 110 -> 109 -> 108 -> 114 -> 115 -> 122 -> 123 -> 124 -> 127 -> 133 -> 99,105 -> 104 -> 103 -> 102 -> 13 -> 101,105 -> 104 -> 103 -> 102,105 -> 104 -> 103,105 -> 104,,105 -> 106,105 -> 107,105 -> 104 -> 103 -> 110 -> 109 -> 108,105 -> 104 -> 103 -> 110 -> 109,105 -> 104 -> 103 -> 110,105 -> 104 -> 111,105 -> 107 -> 112,105 -> 107 -> 113,105 -> 104 -> 103 -> 110 -> 109 -> 108 -> 114,105 -> 104 -> 103 -> 110 -> 109 -> 108 -> 114 -> 115,105 -> 104 -> 103 -> 110 -> 109 -> 108 -> 114 -> 115 -> 116,105 -> 107 -> 112 -> 119 -> 118 -> 117,105 -> 107 -> 112 -> 119 -> 118,105 -> 107 -> 112 -> 119,105 -> 107 -> 113 -> 121 -> 120,105 -> 107 -> 113 -> 121,105 -> 104 -> 103 -> 110 -> 109 -> 108 -> 114 -> 115 -> 122,105 -> 104 -> 103 -> 110 -> 109 -> 108 -> 114 -> 115 -> 122 -> 123,105 -> 104 -> 103 -> 110 -> 109 -> 108 -> 114 -> 115 -> 122 -> 123 -> 124,105 -> 104 -> 103 -> 110 -> 109 -> 108 -> 114 -> 115 -> 122 -> 123 -> 125,105 -> 104 -> 103 -> 110 -> 109 -> 108 -> 114 -> 115 -> 122 -> 123 -> 125 -> 126,105 -> 104 -> 103 -> 110 -> 109 -> 108 -> 114 -> 115 -> 122 -> 123 -> 124 -> 127,105 -> 104 -> 103 -> 110 -> 109 -> 108 -> 114 -> 115 -> 122 -> 123 -> 124 -> 127 -> 133 -> 132 -> 131 -> 129 -> 128,105 -> 104 -> 103 -> 110 -> 109 -> 108 -> 114 -> 115 -> 122 -> 123 -> 124 -> 127 -> 133 -> 132 -> 131 -> 129,105 -> 104 -> 103 -> 110 -> 109 -> 108 -> 114 -> 115 -> 122 -> 123 -> 124 -> 127 -> 133 -> 132 -> 131 -> 130,105 -> 104 -> 103 -> 110 -> 109 -> 108 -> 114 -> 115 -> 122 -> 123 -> 124 -> 127 -> 133 -> 132 -> 131,105 -> 104 -> 103 -> 110 -> 109 -> 108 -> 114 -> 115 -> 122 -> 123 -> 124 -> 127 -> 133 -> 132,105 -> 104 -> 103 -> 110 -> 109 -> 108 -> 114 -> 115 -> 122 -> 123 -> 124 -> 127 -> 133
106,106 -> 105 -> 104 -> 103 -> 110 -> 109 -> 108 -> 114 -> 115 -> 122 -> 123 -> 124 -> 127 -> 133 -> 132 -> 131 -> 129 -> 128 -> 1,106 -> 105 -> 104 -> 103 -> 110 -> 109 -> 108 -> 114 -> 115 -> 122 -> 123 -> 125 -> 126 -> 2,106 -> 105 -> 107 -> 112 -> 119 -> 118 -> 117 -> 3,106 -> 105 -> 107 -> 113 -> 121 -> 4,106 -> 105 -> 104 -> 103 -> 102 -> 13 -> 101 -> 5,106 -> 105 -> 104 -> 103 -> 110 -> 109 -> 108 -> 114 -> 115 -> 122 -> 123 -> 124 -> 127 -> 133 -> 132 -> 131 -> 130 -> 6,106 -> 105 -> 104 -> 103 -> 110 -> 109 -> 108 -> 114 -> 115 -> 122 -> 11,106 -> 12,106 -> 105 -> 104 -> 103 -> 102 -> 13,106 -> 105 -> 104 -> 103 -> 110 -> 109 -> 108 -> 114 -> 115 -> 122 -> 123 -> 124 -> 127 -> 133 -> 132 -> 14,106 -> 105 -> 104 -> 103 -> 110 -> 109 -> 15,106 -> 105 -> 104 -> 103 -> 110 -> 109 -> 108 -> 114 -> 115 -> 122 -> 123 -> 124 -> 127 -> 133 -> 99,106 -> 105 -> 104 -> 103 -> 102 -> 13 -> 101,106 -> 105 -> 104 -> 103 -> 102,106 -> 105 -> 104 -> 103,106 -> 105 -> 104,106 -> 105,,106 -> 105 -> 107,106 -> 105 -> 104 -> 103 -> 110 -> 109 -> 108,106 -> 105 -> 104 -> 103 -> 110 -> 109,106 -> 105 -> 104 -> 103 -> 110,106 -> 105 -> 104 -> 111,106 -> 105 -> 107 -> 112,106 -> 105 -> 107 -> 113,106 -> 105 -> 104 -> 103 -> 110 -> 109 -> 108 -> 114,106 -> 105 -> 104 -> 103 -> 110 -> 109 -> 108 -> 114 -> 115,106 -> 105 -> 104 -> 103 -> 110 -> 109 -> 108 -> 114 -> 115 -> 116,106 -> 105 -> 107 -> 112 -> 119 -> 118 -> 117,106 -> 105 -> 107 -> 112 -> 119 -> 118,106 -> 105 -> 107 -> 112 -> 119,106 -> 105 -> 107 -> 113 -> 121 -> 120,106 -> 105 -> 107 -> 113 -> 121,106 -> 105 -> 104 -> 103 -> 110 -> 109 -> 108 -> 114 -> 115 -> 122,106 -> 105 -> 104 -> 103 -> 110 -> 109 -> 108 -> 114 -> 115 -> 122 -> 123,106 -> 105 -> 104 -> 103 -> 110 -> 109 -> 108 -> 114 -> 115 -> 122 -> 123 -> 124,106 -> 105 -> 104 -> 103 -> 110 -> 109 -> 108 -> 114 -> 115 -> 122 -> 123 -> 125,106 -> 105 -> 104 -> 103 -> 110 -> 109 -> 108 -> 114 -> 115 -> 122 -> 123 -> 125 -> 126,106 -> 105 -> 104 -> 103 -> 110 -> 109 -> 108 -> 114 -> 115 -> 122 -> 123 -> 124 -> 127,106 -> 105 -> 104 -> 103 -> 110 -> 109 -> 108 -> 114 -> 115 -> 122 -> 123 -> 124 -> 127 -> 133 -> 132 -> 131 -> 129 -> 128,106 -> 105 -> 104 -> 103 -> 110 -> 109 -> 108 -> 114 -> 115 -> 122 -> 123 -> 124 -> 127 -> 133 -> 132 -> 131 -> 129,106 -> 105 -> 104 -> 103 -> 110 -> 109 -> 108 -> 114 -> 115 -> 122 -> 123 -> 124 -> 127 -> 133 -> 132 -> 131 -> 130,106 -> 105 -> 104 -> 103 -> 110 -> 109 -> 108 -> 114 -> 115 -> 122 -> 123 -> 124 -> 127 -> 133 -> 132 -> 131,106 -> 105 -> 104 -> 103 -> 110 -> 109 -> 108 -> 114 -> 115 -> 122 -> 123 -> 124 -> 127 -> 133 -> 132,106 -> 105 -> 104 -> 103 -> 110 -> 109 -> 108 -> 114 -> 115 -> 122 -> 123 -> 124 -> 127 -> 133
107,107 -> 105 -> 104 -> 103 -> 110 -> 109 -> 108 -> 114 -> 115 -> 122 -> 123 -> 124 -> 127 -> 133 -> 132 -> 131 -> 129 -> 128 -> 1,107 -> 105 -> 104 -> 103 -> 110 -> 109 -> 108 -> 114 -> 115 -> 122 -> 123 -> 125 -> 126 -> 2,107 -> 112 -> 119 -> 118 -> 117 -> 3,107 -> 113 -> 121 -> 4,107 -> 105 -> 104 -> 103 -> 102 -> 13 -> 101 -> 5,107 -> 105 -> 104 -> 103 -> 110 -> 109 -> 108 -> 114 -> 115 -> 122 -> 123 -> 124 -> 127 -> 133 -> 132 -> 131 -> 130 -> 6,107 -> 105 -> 104 -> 103 -> 110 -> 109 -> 108 -> 114 -> 115 -> 122 -> 11,107 -> 105 -> 106 -> 12,107 -> 105 -> 104 -> 103 -> 102 -> 13,107 -> 105 -> 104 -> 103 -> 110 -> 109 -> 108 -> 114 -> 115 -> 122 -> 123 -> 124 -> 127 -> 133 -> 132 -> 14,107 -> 105 -> 104 -> 103 -> 110 -> 109 -> 15,107 -> 105 -> 104 -> 103 -> 110 -> 109 -> 108 -> 114 -> 115 -> 122 -> 123 -> 124 -> 127 -> 133 -> 99,107 -> 105 -> 104 -> 103 -> 102 -> 13 -> 101,107 -> 105 -> 104 -> 103 -> 102,107 -> 105 -> 104 -> 103,107 -> 105 -> 104,107 -> 105,107 -> 105 -> 106,,107 -> 105 -> 104 -> 103 -> 110 -> 109 -> 108,107 -> 105 -> 104 -> 103 -> 110 -> 109,107 -> 105 -> 104 -> 103 -> 110,107 -> 105 -> 104 -> 111,107 -> 112,107 -> 113,107 -> 105 -> 104 -> 103 -> 110 -> 109 -> 108 -> 114,107 -> 105 -> 104 -> 103 -> 110 -> 109 -> 108 -> 114 -> 115,107 -> 112 -> 119 -> 118 -> 117 -> 116,107 -> 112 -> 119 -> 118 -> 117,107 -> 112 -> 119 -> 118,107 -> 112 -> 119,107 -> 113 -> 121 -> 120,107 -> 113 -> 121,107 -> 105 -> 104 -> 103 -> 110 -> 109 -> 108 -> 114 -> 115 -> 122,107 -> 105 -> 104 -> 103 -> 110 -> 109 -> 108 -> 114 -> 115 -> 122 -> 123,107 -> 105 -> 104 -> 103 -> 110 -> 109 -> 108 -> 114 -> 115 -> 122 -> 123 -> 124,107 -> 105 -> 104 -> 103 -> 110 -> 109 -> 108 -> 114 -> 115 -> 122 -> 123 -> 125,107 -> 105 -> 104 -> 103 -> 110 -> 109 -> 108 -> 114 -> 115 -> 122 -> 123 -> 125 -> 126,107 -> 105 -> 104 -> 103 -> 110 -> 109 -> 108 -> 114 -> 115 -> 122 -> 123 -> 124 -> 127,107 -> 105 -> 104 -> 103 -> 110 -> 109 -> 108 -> 114 -> 115 -> 122 -> 123 -> 124 -> 127 -> 133 -> 132 -> 131 -> 129 -> 128,107 -> 105 -> 104 -> 103 -> 110 -> 109 -> 108 -> 114 -> 115 -> 122 -> 123 -> 124 -> 127 -> 133 -> 132 -> 131 -> 129,107 -> 105 -> 104 -> 103 -> 110 -> 109 -> 108 -> 114 -> 115 -> 122 -> 123 -> 124 -> 127 -> 133 -> 132 -> 131 -> 130,107 -> 105 -> 104 -> 103 -> 110 -> 109 -> 108 -> 114 -> 115 -> 122 -> 123 -> 124 -> 127 -> 133 -> 132 -> 131,107 -> 105 -> 104 -> 103 -> 110 -> 109 -> 108 -> 114 -> 115 -> 122 -> 123 -> 124 -> 127 -> 133 -> 132,107 -> 105 -> 104 -> 103 -> 110 -> 109 -> 108 -> 114 -> 115 -> 122 -> 123 -> 124 -> 127 -> 133
108,108 -> 114 -> 115 -> 122 -> 123 -> 124 -> 127 -> 133 -> 132 -> 131 -> 129 -> 128 -> 1,108 -> 114 -> 115 -> 122 -> 123 -> 125 -> 126 -> 2,108 -> 114 -> 115 -> 116 -> 117 -> 3,108 -> 114 -> 115 -> 116 -> 117 -> 118 -> 120 -> 121 -> 4,108 -> 101 -> 5,108 -> 114 -> 115 -> 122 -> 123 -> 124 -> 127 -> 133 -> 132 -> 131 -> 130 -> 6,108 -> 114 -> 115 -> 122 -> 11,108 -> 109 -> 110 -> 103 -> 104 -> 105 -> 106 -> 12,108 -> 101 -> 13,108 -> 114 -> 115 -> 122 -> 123 -> 124 -> 127 -> 133 -> 132 -> 14,108 -> 109 -> 15,108 -> 114 -> 115 -> 122 -> 123 -> 124 -> 127 -> 133 -> 99,108 -> 101,108 -> 101 -> 13 -> 102,108 -> 109 -> 110 -> 103,108 -> 109 -> 110 -> 103 -> 104,108 -> 109 -> 110 -> 103 -> 104 -> 105,108 -> 109 -> 110 -> 103 -> 104 -> 105 -> 106,108 -> 109 -> 110 -> 103 -> 104 -> 105 -> 107,,108 -> 109,108 -> 109 -> 110,108 -> 109 -> 110 -> 111,108 -> 109 -> 110 -> 103 -> 104 -> 105 -> 107 -> 112,108 -> 114 -> 115 -> 116 -> 117 -> 118 -> 120 -> 121 -> 113,108 -> 114,108 -> 114 -> 115,108 -> 114 -> 115 -> 116,108 -> 114 -> 115 -> 116 -> 117,108 -> 114 -> 115 -> 116 -> 117 -> 118,108 -> 114 -> 115 -> 116 -> 117 -> 118 -> 119,108 -> 114 -> 115 -> 116 -> 117 -> 118 -> 120,108 -> 114 -> 115 -> 116 -> 117 -> 118 -> 120 -> 121,108 -> 114 -> 115 -> 122,108 -> 114 -> 115 -> 122 -> 123,108 -> 114 -> 115 -> 122 -> 123 -> 124,108 -> 114 -> 115 -> 122 -> 123 -> 125,108 -> 114 -> 115 -> 122 -> 123 -> 125 -> 126,108 -> 114 -> 115 -> 122 -> 123 -> 124 -> 127,108 -> 114 -> 115 -> 122 -> 123 -> 124 -> 127 -> 133 -> 132 -> 131 -> 129 -> 128,108 -> 114 -> 115 -> 122 -> 123 -> 124 -> 127 -> 133 -> 132 -> 131 -> 129,108 -> 114 -> 115 -> 122 -> 123 -> 124 -> 127 -> 133 -> 132 -> 131 -> 130,108 -> 114 -> 115 -> 122 -> 123 -> 124 -> 127 -> 133 -> 132 -> 131,108 -> 114 -> 115 -> 122 -> 123 -> 124 -> 127 -> 133 -> 132,108 -> 114 -> 115 -> 122 -> 123 -> 124 -> 127 -> 133
109,109 -> 108 -> 114 -> 115 -> 122 -> 123 -> 124 -> 127 -> 133 -> 132 -> 131 -> 129 -> 128 -> 1,109 -> 108 -> 114 -> 115 -> 122 -> 123 -> 125 -> 126 -> 2,109 -> 108 -> 114 -> 115 -> 116 -> 117 -> 3,109 -> 108 -> 114 -> 115 -> 116 -> 117 -> 118 -> 120 -> 121 -> 4,109 -> 108 -> 101 -> 5,109 -> 108 -> 114 -> 115 -> 122 -> 123 -> 124 -> 127 -> 133 -> 132 -> 131 -> 130 -> 6,109 -> 108 -> 114 -> 115 -> 122 -> 11,109 -> 110 -> 103 -> 104 -> 105 -> 106 -> 12,109 -> 108 -> 101 -> 13,109 -> 108 -> 114 -> 115 -> 122 -> 123 -> 124 -> 127 -> 133 -> 132 -> 14,109 -> 15,109 -> 108 -> 114 -> 115 -> 122 -> 123 -> 124 -> 127 -> 133 -> 99,109 -> 108 -> 101,109 -> 108 -> 101 -> 13 -> 102,109 -> 110 -> 103,109 -> 110 -> 103 -> 104,109 -> 110 -> 103 -> 104 -> 105,109 -> 110 -> 103 -> 104 -> 105 -> 106,109 -> 110 -> 103 -> 104 -> 105 -> 107,109 -> 108,,109 -> 110,109 -> 110 -> 111,109 -> 110 -> 103 -> 104 -> 105 -> 107 -> 112,109 -> 110 -> 103 -> 104 -> 105 -> 107 -> 113,109 -> 108 -> 114,109 -> 108 -> 114 -> 115,109 -> 108 -> 114 -> 115 -> 116,109 -> 108 -> 114 -> 115 -> 116 -> 117,109 -> 108 -> 114 -> 115 -> 116 -> 117 -> 118,109 -> 108 -> 114 -> 115 -> 116 -> 117 -> 118 -> 119,109 -> 108 -> 114 -> 115 -> 116 -> 117 -> 118 -> 120,109 -> 108 -> 114 -> 115 -> 116 -> 117 -> 118 -> 120 -> 121,109 -> 108 -> 114 -> 115 -> 122,109 -> 108 -> 114 -> 115 -> 122 -> 123,109 -> 108 -> 114 -> 115 -> 122 -> 123 -> 124,109 -> 108 -> 114 -> 115 -> 122 -> 123 -> 125,109 -> 108 -> 114 -> 115 -> 122 -> 123 -> 125 -> 126,109 -> 108 -> 114 -> 115 -> 122 -> 123 -> 124 -> 127,109 -> 108 -> 114 -> 115 -> 122 -> 123 -> 124 -> 127 -> 133 -> 132 -> 131 -> 129 -> 128,109 -> 108 -> 114 -> 115 -> 122 -> 123 -> 124 -> 127 -> 133 -> 132 -> 131 -> 129,109 -> 108 -> 114 -> 115 -> 122 -> 123 -> 124 -> 127 -> 133 -> 132 -> 131 -> 130,109 -> 108 -> 114 -> 115 -> 122 -> 123 -> 124 -> 127 -> 133 -> 132 -> 131,109 -> 108 -> 114 -> 115 -> 122 -> 123 -> 124 -> 127 -> 133 -> 132,109 -> 108 -> 114 -> 115 -> 122 -> 123 -> 124 -> 127 -> 133
110,110 -> 109 -> 108 -> 114 -> 115 -> 122 -> 123 -> 124 -> 127 -> 133 -> 132 -> 131 -> 129 -> 128 -> 1,110 -> 109 -> 108 -> 114 -> 115 -> 122 -> 123 -> 125 -> 126 -> 2,110 -> 109 -> 108 -> 114 -> 115 -> 116 -> 117 -> 3,110 -> 109 -> 108 -> 114 -> 115 -> 116 -> 117 -> 118 -> 120 -> 121 -> 4,110 -> 103 -> 102 -> 13 -> 101 -> 5,110 -> 109 -> 108 -> 114 -> 115 -> 122 -> 123 -> 124 -> 127 -> 133 -> 132 -> 131 -> 130 -> 6,110 -> 109 -> 108 -> 114 -> 115 -> 122 -> 11,110 -> 103 -> 104 -> 105 -> 106 -> 12,110 -> 103 -> 102 -> 13,110 -> 109 -> 108 -> 114 -> 115 -> 122 -> 123 -> 124 -> 127 -> 133 -> 132 -> 14,110 -> 109 -> 15,110 -> 109 -> 108 -> 114 -> 115 -> 122 -> 123 -> 124 -> 127 -> 133 -> 99,110 -> 103 -> 102 -> 13 -> 101,110 -> 103 -> 102,110 -> 103,110 -> 103 -> 104,110 -> 103 -> 104 -> 105,110 -> 103 -> 104 -> 105 -> 106,110 -> 103 -> 104 -> 105 -> 107,110 -> 109 -> 108,110 -> 109,,110 -> 111,110 -> 103 -> 104 -> 105 -> 107 -> 112,110 -> 103 -> 104 -> 105 -> 107 -> 113,110 -> 109 -> 108 -> 114,110 -> 109 -> 108 -> 114 -> 115,110 -> 109 -> 108 -> 114 -> 115 -> 116,110 -> 109 -> 108 -> 114 -> 115 -> 116 -> 117,110 -> 109 -> 108 -> 114 -> 115 -> 116 -> 117 -> 118,110 -> 109 -> 108 -> 114 -> 115 -> 116 -> 117 -> 118 -> 119,110 -> 109 -> 108 -> 114 -> 115 -> 116 -> 117 -> 118 -> 120,110 -> 109 -> 108 -> 114 -> 115 -> 116 -> 117 -> 118 -> 120 -> 121,110 -> 109 -> 108 -> 114 -> 115 -> 122,110 -> 109 -> 108 -> 114 -> 115 -> 122 -> 123,110 -> 109 -> 108 -> 114 -> 115 -> 122 -> 123 -> 124,110 -> 109 -> 108 -> 114 -> 115 -> 122 -> 123 -> 125,110 -> 109 -> 108 -> 114 -> 115 -> 122 -> 123 -> 125 -> 126,110 -> 109 -> 108 -> 114 -> 115 -> 122 -> 123 -> 124 -> 127,110 -> 109 -> 108 -> 114 -> 115 -> 122 -> 123 -> 124 -> 127 -> 133 -> 132 -> 131 -> 129 -> 128,110 -> 109 -> 108 -> 114 -> 115 -> 122 -> 123 -> 124 -> 127 -> 133 -> 132 -> 131 -> 129,110 -> 109 -> 108 -> 114 -> 115 -> 122 -> 123 -> 124 -> 127 -> 133 -> 132 -> 131 -> 130,110 -> 109 -> 108 -> 114 -> 115 -> 122 -> 123 -> 124 -> 127 -> 133 -> 132 -> 131,110 -> 109 -> 108 -> 114 -> 115 -> 122 -> 123 -> 124 -> 127 -> 133 -> 132,110 -> 109 -> 108 -> 114 -> 115 -> 122 -> 123 -> 124 -> 127 -> 133
111,111 -> 114 -> 115 -> 122 -> 123 -> 124 -> 127 -> 133 -> 132 -> 131 -> 129 -> 128 -> 1,111 -> 114 -> 115 -> 122 -> 123 -> 125 -> 126 -> 2,111 -> 114 -> 115 -> 116 -> 117 -> 3,111 -> 104 -> 105 -> 107 -> 113 -> 121 -> 4,111 -> 110 -> 103 -> 102 -> 13 -> 101 -> 5,111 -> 114 -> 115 -> 122 -> 123 -> 124 -> 127 -> 133 -> 132 -> 131 -> 130 -> 6,111 -> 114 -> 115 -> 122 -> 11,111 -> 104 -> 105 -> 106 -> 12,111 -> 110 -> 103 -> 102 -> 13,111 -> 114 -> 115 -> 122 -> 123 -> 124 -> 127 -> 133 -> 132 -> 14,111 -> 110 -> 109 -> 15,111 -> 114 -> 115 -> 122 -> 123 -> 124 -> 127 -> 133 -> 99,111 -> 110 -> 103 -> 102 -> 13 -> 101,111 -> 110 -> 103 -> 102,111 -> 110 -> 103,111 -> 104,111 -> 104 -> 105,111 -> 104 -> 105 -> 106,111 -> 104 -> 105 -> 107,111 -> 110 -> 109 -> 108,111 -> 110 -> 109,111 -> 110,,111 -> 104 -> 105 -> 107 -> 112,111 -> 104 -> 105 -> 107 -> 113,111 -> 114,111 -> 114 -> 115,111 -> 114 -> 115 -> 116,111 -> 114 -> 115 -> 116 -> 117,111 -> 114 -> 115 -> 116 -> 117 -> 118,111 -> 104 -> 105 -> 107 -> 112 -> 119,111 -> 104 -> 105 -> 107 -> 113 -> 121 -> 120,111 -> 104 -> 105 -> 107 -> 113 -> 121,111 -> 114 -> 115 -> 122,111 -> 114 -> 115 -> 122 -> 123,111 -> 114 -> 115 -> 122 -> 123 -> 124,111 -> 114 -> 115 -> 122 -> 123 -> 125,111 -> 114 -> 115 -> 122 -> 123 -> 125 -> 126,111 -> 114 -> 115 -> 122 -> 123 -> 124 -> 127,111 -> 114 -> 115 -> 122 -> 123 -> 124 -> 127 -> 133 -> 132 -> 131 -> 129 -> 128,111 -> 114 -> 115 -> 122 -> 123 -> 124 -> 127 -> 133 -> 132 -> 131 -> 129,111 -> 114 -> 115 -> 122 -> 123 -> 124 -> 127 -> 133 -> 132 -> 131 -> 130,111 -> 114 -> 115 -> 122 -> 123 -> 124 -> 127 -> 133 -> 132 -> 131,111 -> 114 -> 115 -> 122 -> 123 -> 124 -> 127 -> 133 -> 132,111 -> 114 -> 115 -> 122 -> 123 -> 124 -> 127 -> 133
112,112 -> 119 -> 118 -> 117 -> 116 -> 124 -> 127 -> 133 -> 132 -> 131 -> 129 -> 128 -> 1,112 -> 119 -> 118 -> 117 -> 116 -> 124 -> 123 -> 125 -> 126 -> 2,112 -> 119 -> 118 -> 117 -> 3,112 -> 113 -> 121 -> 4,112 -> 107 -> 105 -> 104 -> 103 -> 102 -> 13 -> 101 -> 5,112 -> 119 -> 118 -> 117 -> 116 -> 124 -> 127 -> 133 -> 132 -> 131 -> 130 -> 6,112 -> 119 -> 118 -> 117 -> 116 -> 124 -> 123 -> 122 -> 11,112 -> 107 -> 105 -> 106 -> 12,112 -> 107 -> 105 -> 104 -> 103 -> 102 -> 13,112 -> 119 -> 118 -> 117 -> 116 -> 124 -> 127 -> 133 -> 132 -> 14,112 -> 107 -> 105 -> 104 -> 103 -> 110 -> 109 -> 15,112 -> 119 -> 118 -> 117 -> 116 -> 124 -> 127 -> 133 -> 99,112 -> 107 -> 105 -> 104 -> 103 -> 102 -> 13 -> 101,112 -> 107 -> 105 -> 104 -> 103 -> 102,112 -> 107 -> 105 -> 104 -> 103,112 -> 107 -> 105 -> 104,112 -> 107 -> 105,112 -> 107 -> 105 -> 106,112 -> 107,112 -> 107 -> 105 -> 104 -> 103 -> 110 -> 109 -> 108,112 -> 107 -> 105 -> 104 -> 103 -> 110 -> 109,112 -> 107 -> 105 -> 104 -> 103 -> 110,112 -> 107 -> 105 -> 104 -> 111,,112 -> 113,112 -> 107 -> 105 -> 104 -> 103 -> 110 -> 109 -> 108 -> 114,112 -> 119 -> 118 -> 117 -> 116 -> 115,112 -> 119 -> 118 -> 117 -> 116,112 -> 119 -> 118 -> 117,112 -> 119 -> 118,112 -> 119,112 -> 119 -> 120,112 -> 113 -> 121,112 -> 119 -> 118 -> 117 -> 116 -> 124 -> 123 -> 122,112 -> 119 -> 118 -> 117 -> 116 -> 124 -> 123,112 -> 119 -> 118 -> 117 -> 116 -> 124,112 -> 119 -> 118 -> 117 -> 116 -> 124 -> 123 -> 125,112 -> 119 -> 118 -> 117 -> 116 -> 124 -> 123 -> 125 -> 126,112 -> 119 -> 118 -> 117 -> 116 -> 124 -> 127,112 -> 119 -> 118 -> 117 -> 116 -> 124 -> 127 -> 133 -> 132 -> 131 -> 129 -> 128,112 -> 119 -> 118 -> 117 -> 116 -> 124 -> 127 -> 133 -> 132 -> 131 -> 129,112 -> 119 -> 118 -> 117 -> 116 -> 124 -> 127 -> 133 -> 132 -> 131 -> 130,112 -> 119 -> 118 -> 117 -> 116 -> 124 -> 127 -> 133 -> 132 -> 131,112 -> 119 -> 118 -> 117 -> 116 -> 124 -> 127 -> 133 -> 132,112 -> 119 -> 118 -> 117 -> 116 -> 124 -> 127 -> 133
113,113 -> 121 -> 120 -> 118 -> 117 -> 116 -> 124 -> 127 -> 133 -> 132 -> 131 -> 129 -> 128 -> 1,113 -> 121 -> 120 -> 118 -> 117 -> 116 -> 124 -> 123 -> 125 -> 126 -> 2,113 -> 121 -> 120 -> 118 -> 117 -> 3,113 -> 121 -> 4,113 -> 107 -> 105 -> 104 -> 103 -> 102 -> 13 -> 101 -> 5,113 -> 121 -> 120 -> 118 -> 117 -> 116 -> 124 -> 127 -> 133 -> 132 -> 131 -> 130 -> 6,113 -> 121 -> 120 -> 118 -> 117 -> 116 -> 124 -> 123 -> 122 -> 11,113 -> 107 -> 105 -> 106 -> 12,113 -> 107 -> 105 -> 104 -> 103 -> 102 -> 13,113 -> 121 -> 120 -> 118 -> 117 -> 116 -> 124 -> 127 -> 133 -> 132 -> 14,113 -> 107 -> 105 -> 104 -> 103 -> 110 -> 109 -> 15,113 -> 121 -> 120 -> 118 -> 117 -> 116 -> 124 -> 127 -> 133 -> 99,113 -> 107 -> 105 -> 104 -> 103 -> 102 -> 13 -> 101,113 -> 107 -> 105 -> 104 -> 103 -> 102,113 -> 107 -> 105 -> 104 -> 103,113 -> 107 -> 105 -> 104,113 -> 107 -> 105,113 -> 107 -> 105 -> 106,113 -> 107,113 -> 121 -> 120 -> 118 -> 117 -> 116 -> 115 -> 114 -> 108,113 -> 107 -> 105 -> 104 -> 103 -> 110 -> 109,113 -> 107 -> 105 -> 104 -> 103 -> 110,113 -> 107 -> 105 -> 104 -> 111,113 -> 112,,113 -> 121 -> 120 -> 118 -> 117 -> 116 -> 115 -> 114,113 -> 121 -> 120 -> 118 -> 117 -> 116 -> 115,113 -> 121 -> 120 -> 118 -> 117 -> 116,113 -> 121 -> 120 -> 118 -> 117,113 -> 121 -> 120 -> 118,113 -> 121 -> 120 -> 119,113 -> 121 -> 120,113 -> 121,113 -> 121 -> 120 -> 118 -> 117 -> 116 -> 124 -> 123 -> 122,113 -> 121 -> 120 -> 118 -> 117 -> 116 -> 124 -> 123,113 -> 121 -> 120 -> 118 -> 117 -> 116 -> 124,113 -> 121 -> 120 -> 118 -> 117 -> 116 -> 124 -> 123 -> 125,113 -> 121 -> 120 -> 118 -> 117 -> 116 -> 124 -> 123 -> 125 -> 126,113 -> 121 -> 120 -> 118 -> 117 -> 116 -> 124 -> 127,113 -> 121 -> 120 -> 118 -> 117 -> 116 -> 124 -> 127 -> 133 -> 132 -> 131 -> 129 -> 128,113 -> 121 -> 120 -> 118 -> 117 -> 116 -> 124 -> 127 -> 133 -> 132 -> 131 -> 129,113 -> 121 -> 120 -> 118 -> 117 -> 116 -> 124 -> 127 -> 133 -> 132 -> 131 -> 130,113 -> 121 -> 120 -> 118 -> 117 -> 116 -> 124 -> 127 -> 133 -> 132 -> 131,113 -> 121 -> 120 -> 118 -> 117 -> 116 -> 124 -> 127 -> 133 -> 132,113 -> 121 -> 120 -> 118 -> 117 -> 116 -> 124 -> 127 -> 133
114,114 -> 115 -> 122 -> 123 -> 124 -> 127 -> 133 -> 132 -> 131 -> 129 -> 128 -> 1,114 -> 115 -> 122 -> 123 -> 125 -> 126 -> 2,114 -> 115 -> 116 -> 117 -> 3,114 -> 115 -> 116 -> 117 -> 118 -> 120 -> 121 -> 4,114 -> 108 -> 101 -> 5,114 -> 115 -> 122 -> 123 -> 124 -> 127 -> 133 -> 132 -> 131 -> 130 -> 6,114 -> 115 -> 122 -> 11,114 -> 108 -> 109 -> 110 -> 103 -> 104 -> 105 -> 106 -> 12,114 -> 108 -> 101 -> 13,114 -> 115 -> 122 -> 123 -> 124 -> 127 -> 133 -> 132 -> 14,114 -> 108 -> 109 -> 15,114 -> 115 -> 122 -> 123 -> 124 -> 127 -> 133 -> 99,114 -> 108 -> 101,114 -> 108 -> 101 -> 13 -> 102,114 -> 108 -> 109 -> 110 -> 103,114 -> 108 -> 109 -> 110 -> 103 -> 104,114 -> 108 -> 109 -> 110 -> 103 -> 104 -> 105,114 -> 108 -> 109 -> 110 -> 103 -> 104 -> 105 -> 106,114 -> 108 -> 109 -> 110 -> 103 -> 104 -> 105 -> 107,114 -> 108,114 -> 108 -> 109,114 -> 108 -> 109 -> 110,114 -> 111,114 -> 108 -> 109 -> 110 -> 103 -> 104 -> 105 -> 107 -> 112,114 -> 115 -> 116 -> 117 -> 118 -> 120 -> 121 -> 113,,114 -> 115,114 -> 115 -> 116,114 -> 115 -> 116 -> 117,114 -> 115 -> 116 -> 117 -> 118,114 -> 115 -> 116 -> 117 -> 118 -> 119,114 -> 115 -> 116 -> 117 -> 118 -> 120,114 -> 115 -> 116 -> 117 -> 118 -> 120 -> 121,114 -> 115 -> 122,114 -> 115 -> 122 -> 123,114 -> 115 -> 122 -> 123 -> 124,114 -> 115 -> 122 -> 123 -> 125,114 -> 115 -> 122 -> 123 -> 125 -> 126,114 -> 115 -> 122 -> 123 -> 124 -> 127,114 -> 115 -> 122 -> 123 -> 124 -> 127 -> 133 -> 132 -> 131 -> 129 -> 128,114 -> 115 -> 122 -> 123 -> 124 -> 127 -> 133 -> 132 -> 131 -> 129,114 -> 115 -> 122 -> 123 -> 124 -> 127 -> 133 -> 132 -> 131 -> 130,114 -> 115 -> 122 -> 123 -> 124 -> 127 -> 133 -> 132 -> 131,114 -> 115 -> 122 -> 123 -> 124 -> 127 -> 133 -> 132,114 -> 115 -> 122 -> 123 -> 124 -> 127 -> 133
115,115 -> 122 -> 123 -> 124 -> 127 -> 133 -> 132 -> 131 -> 129 -> 128 -> 1,115 -> 122 -> 123 -> 125 -> 126 -> 2,115 -> 116 -> 117 -> 3,115 -> 116 -> 117 -> 118 -> 120 -> 121 -> 4,115 -> 114 -> 108 -> 101 -> 5,115 -> 122 -> 123 -> 124 -> 127 -> 133 -> 132 -> 131 -> 130 -> 6,115 -> 122 -> 11,115 -> 114 -> 108 -> 109 -> 110 -> 103 -> 104 -> 105 -> 106 -> 12,115 -> 114 -> 108 -> 101 -> 13,115 -> 122 -> 123 -> 124 -> 127 -> 133 -> 132 -> 14,115 -> 114 -> 108 -> 109 -> 15,115 -> 122 -> 123 -> 124 -> 127 -> 133 -> 99,115 -> 114 -> 108 -> 101,115 -> 114 -> 108 -> 101 -> 13 -> 102,115 -> 114 -> 108 -> 109 -> 110 -> 103,115 -> 114 -> 108 -> 109 -> 110 -> 103 -> 104,115 -> 114 -> 108 -> 109 -> 110 -> 103 -> 104 -> 105,115 -> 114 -> 108 -> 109 -> 110 -> 103 -> 104 -> 105 -> 106,115 -> 114 -> 108 -> 109 -> 110 -> 103 -> 104 -> 105 -> 107,115 -> 114 -> 108,115 -> 114 -> 108 -> 109,115 -> 114 -> 108 -> 109 -> 110,115 -> 114 -> 111,115 -> 116 -> 117 -> 118 -> 119 -> 112,115 -> 116 -> 117 -> 118 -> 120 -> 121 -> 113,115 -> 114,,115 -> 116,115 -> 116 -> 117,115 -> 116 -> 117 -> 118,115 -> 116 -> 117 -> 118 -> 119,115 -> 116 -> 117 -> 118 -> 120,115 -> 116 -> 117 -> 118 -> 120 -> 121,115 -> 122,115 -> 122 -> 123,115 -> 122 -> 123 -> 124,115 -> 122 -> 123 -> 125,115 -> 122 -> 123 -> 125 -> 126,115 -> 122 -> 123 -> 124 -> 127,115 -> 122 -> 123 -> 124 -> 127 -> 133 -> 132 -> 131 -> 129 -> 128,115 -> 122 -> 123 -> 124 -> 127 -> 133 -> 132 -> 131 -> 129,115 -> 122 -> 123 -> 124 -> 127 -> 133 -> 132 -> 131 -> 130,115 -> 122 -> 123 -> 124 -> 127 -> 133 -> 132 -> 131,115 -> 122 -> 123 -> 124 -> 127 -> 133 -> 132,115 -> 122 -> 123 -> 124 -> 127 -> 133
116,116 -> 124 -> 127 -> 133 -> 132 -> 131 -> 129 -> 128 -> 1,116 -> 124 -> 123 -> 125 -> 126 -> 2,116 -> 117 -> 3,116 -> 117 -> 118 -> 120 -> 121 -> 4,116 -> 115 -> 114 -> 108 -> 101 -> 5,116 -> 124 -> 127 -> 133 -> 132 -> 131 -> 130 -> 6,116 -> 124 -> 123 -> 122 -> 11,116 -> 115 -> 114 -> 108 -> 109 -> 110 -> 103 -> 104 -> 105 -> 106 -> 12,116 -> 115 -> 114 -> 108 -> 101 -> 13,116 -> 124 -> 127 -> 133 -> 132 -> 14,116 -> 115 -> 114 -> 108 -> 109 -> 15,116 -> 124 -> 127 -> 133 -> 99,116 -> 115 -> 114 -> 108 -> 101,116 -> 115 -> 114 -> 108 -> 101 -> 13 -> 102,116 -> 115 -> 114 -> 108 -> 109 -> 110 -> 103,116 -> 115 -> 114 -> 108 -> 109 -> 110 -> 103 -> 104,116 -> 115 -> 114 -> 108 -> 109 -> 110 -> 103 -> 104 -> 105,116 -> 115 -> 114 -> 108 -> 109 -> 110 -> 103 -> 104 -> 105 -> 106,116 -> 117 -> 118 -> 119 -> 112 -> 107,116 -> 115 -> 114 -> 108,116 -> 115 -> 114 -> 108 -> 109,116 -> 115 -> 114 -> 108 -> 109 -> 110,116 -> 115 -> 114 -> 111,116 -> 117 -> 118 -> 119 -> 112,116 -> 117 -> 118 -> 120 -> 121 -> 113,116 -> 115 -> 114,116 -> 115,,116 -> 117,116 -> 117 -> 118,116 -> 117 -> 118 -> 119,116 -> 117 -> 118 -> 120,116 -> 117 -> 118 -> 120 -> 121,116 -> 124 -> 123 -> 122,116 -> 124 -> 123,116 -> 124,116 -> 124 -> 123 -> 125,116 -> 124 -> 123 -> 125 -> 126,116 -> 124 -> 127,116 -> 124 -> 127 -> 133 -> 132 -> 131 -> 129 -> 128,116 -> 124 -> 127 -> 133 -> 132 -> 131 -> 129,116 -> 124 -> 127 -> 133 -> 132 -> 131 -> 130,116 -> 124 -> 127 -> 133 -> 132 -> 131,116 -> 124 -> 127 -> 133 -> 132,116 -> 124 -> 127 -> 133
117,117 -> 116 -> 124 -> 127 -> 133 -> 132 -> 131 -> 129 -> 128 -> 1,117 -> 116 -> 124 -> 123 -> 125 -> 126 -> 2,117 -> 3,117 -> 118 -> 120 -> 121 -> 4,117 -> 116 -> 115 -> 114 -> 108 -> 101 -> 5,117 -> 116 -> 124 -> 127 -> 133 -> 132 -> 131 -> 130 -> 6,117 -> 116 -> 124 -> 123 -> 122 -> 11,117 -> 118 -> 119 -> 112 -> 107 -> 105 -> 106 -> 12,117 -> 116 -> 115 -> 114 -> 108 -> 101 -> 13,117 -> 116 -> 124 -> 127 -> 133 -> 132 -> 14,117 -> 116 -> 115 -> 114 -> 108 -> 109 -> 15,117 -> 116 -> 124 -> 127 -> 133 -> 99,117 -> 116 -> 115 -> 114 -> 108 -> 101,117 -> 116 -> 115 -> 114 -> 108 -> 101 -> 13 -> 102,117 -> 116 -> 115 -> 114 -> 108 -> 109 -> 110 -> 103,117 -> 118 -> 119 -> 112 -> 107 -> 105 -> 104,117 -> 118 -> 119 -> 112 -> 107 -> 105,117 -> 118 -> 119 -> 112 -> 107 -> 105 -> 106,117 -> 118 -> 119 -> 112 -> 107,117 -> 116 -> 115 -> 114 -> 108,117 -> 116 -> 115 -> 114 -> 108 -> 109,117 -> 116 -> 115 -> 114 -> 108 -> 109 -> 110,117 -> 116 -> 115 -> 114 -> 111,117 -> 118 -> 119 -> 112,117 -> 118 -> 120 -> 121 -> 113,117 -> 116 -> 115 -> 114,117 -> 116 -> 115,117 -> 116,,117 -> 118,117 -> 118 -> 119,117 -> 118 -> 120,117 -> 118 -> 120 -> 121,117 -> 116 -> 124 -> 123 -> 122,117 -> 116 -> 124 -> 123,117 -> 116 -> 124,117 -> 116 -> 124 -> 123 -> 125,117 -> 116 -> 124 -> 123 -> 125 -> 126,117 -> 116 -> 124 -> 127,117 -> 116 -> 124 -> 127 -> 133 -> 132 -> 131 -> 129 -> 128,117 -> 116 -> 124 -> 127 -> 133 -> 132 -> 131 -> 129,117 -> 116 -> 124 -> 127 -> 133 -> 132 -> 131 -> 130,117 -> 116 -> 124 -> 127 -> 133 -> 132 -> 131,117 -> 116 -> 124 -> 127 -> 133 -> 132,117 -> 116 -> 124 -> 127 -> 133
118,118 -> 117 -> 116 -> 124 -> 127 -> 133 -> 132 -> 131 -> 129 -> 128 -> 1,118 -> 117 -> 116 -> 124 -> 123 -> 125 -> 126 -> 2,118 -> 117 -> 3,118 -> 120 -> 121 -> 4,118 -> 117 -> 116 -> 115 -> 114 -> 108 -> 101 -> 5,118 -> 117 -> 116 -> 124 -> 127 -> 133 -> 132 -> 131 -> 130 -> 6,118 -> 117 -> 116 -> 124 -> 123 -> 122 -> 11,118 -> 119 -> 112 -> 107 -> 105 -> 106 -> 12,118 -> 117 -> 116 -> 115 -> 114 -> 108 -> 101 -> 13,118 -> 117 -> 116 -> 124 -> 127 -> 133 -> 132 -> 14,118 -> 117 -> 116 -> 115 -> 114 -> 108 -> 109 -> 15,118 -> 117 -> 116 -> 124 -> 127 -> 133 -> 99,118 -> 117 -> 116 -> 115 -> 114 -> 108 -> 101,118 -> 117 -> 116 -> 115 -> 114 -> 108 -> 101 -> 13 -> 102,118 -> 119 -> 112 -> 107 -> 105 -> 104 -> 103,118 -> 119 -> 112 -> 107 -> 105 -> 104,118 -> 119 -> 112 -> 107 -> 105,118 -> 119 -> 112 -> 107 -> 105 -> 106,118 -> 119 -> 112 -> 107,118 -> 117 -> 116 -> 115 -> 114 -> 108,118 -> 117 -> 116 -> 115 -> 114 -> 108 -> 109,118 -> 117 -> 116 -> 115 -> 114 -> 108 -> 109 -> 110,118 -> 117 -> 116 -> 115 -> 114 -> 111,118 -> 119 -> 112,118 -> 120 -> 121 -> 113,118 -> 117 -> 116 -> 115 -> 114,118 -> 117 -> 116 -> 115,118 -> 117 -> 116,118 -> 117,,118 -> 119,118 -> 120,118 -> 120 -> 121,118 -> 117 -> 116 -> 124 -> 123 -> 122,118 -> 117 -> 116 -> 124 -> 123,118 -> 117 -> 116 -> 124,118 -> 117 -> 116 -> 124 -> 123 -> 125,118 -> 117 -> 116 -> 124 -> 123 -> 125 -> 126,118 -> 117 -> 116 -> 124 -> 127,118 -> 117 -> 116 -> 124 -> 127 -> 133 -> 132 -> 131 -> 129 -> 128,118 -> 117 -> 116 -> 124 -> 127 -> 133 -> 132 -> 131 -> 129,118 -> 117 -> 116 -> 124 -> 127 -> 133 -> 132 -> 131 -> 130,118 -> 117 -> 116 -> 124 -> 127 -> 133 -> 132 -> 131,118 -> 117 -> 116 -> 124 -> 127 -> 133 -> 132,118 -> 117 -> 116 -> 124 -> 127 -> 133
119,119 -> 118 -> 117 -> 116 -> 124 -> 127 -> 133 -> 132 -> 131 -> 129 -> 128 -> 1,119 -> 118 -> 117 -> 116 -> 124 -> 123 -> 125 -> 126 -> 2,119 -> 118 -> 117 -> 3,119 -> 120 -> 121 -> 4,119 -> 118 -> 117 -> 116 -> 115 -> 114 -> 108 -> 101 -> 5,119 -> 118 -> 117 -> 116 -> 124 -> 127 -> 133 -> 132 -> 131 -> 130 -> 6,119 -> 118 -> 117 -> 116 -> 124 -> 123 -> 122 -> 11,119 -> 112 -> 107 -> 105 -> 106 -> 12,119 -> 118 -> 117 -> 116 -> 115 -> 114 -> 108 -> 101 -> 13,119 -> 118 -> 117 -> 116 -> 124 -> 127 -> 133 -> 132 -> 14,119 -> 118 -> 117 -> 116 -> 115 -> 114 -> 108 -> 109 -> 15,119 -> 118 -> 117 -> 116 -> 124 -> 127 -> 133 -> 99,119 -> 118 -> 117 -> 116 -> 115 -> 114 -> 108 -> 101,119 -> 118 -> 117 -> 116 -> 115 -> 114 -> 108 -> 101 -> 13 -> 102,119 -> 112 -> 107 -> 105 -> 104 -> 103,119 -> 112 -> 107 -> 105 -> 104,119 -> 112 -> 107 -> 105,119 -> 112 -> 107 -> 105 -> 106,119 -> 112 -> 107,119 -> 118 -> 117 -> 116 -> 115 -> 114 -> 108,119 -> 118 -> 117 -> 116 -> 115 -> 114 -> 108 -> 109,119 -> 118 -> 117 -> 116 -> 115 -> 114 -> 108 -> 109 -> 110,119 -> 112 -> 107 -> 105 -> 104 -> 111,119 -> 112,119 -> 120 -> 121 -> 113,119 -> 118 -> 117 -> 116 -> 115 -> 114,119 -> 118 -> 117 -> 116 -> 115,119 -> 118 -> 117 -> 116,119 -> 118 -> 117,119 -> 118,,119 -> 120,119 -> 120 -> 121,119 -> 118 -> 117 -> 116 -> 124 -> 123 -> 122,119 -> 118 -> 117 -> 116 -> 124 -> 123,119 -> 118 -> 117 -> 116 -> 124,119 -> 118 -> 117 -> 116 -> 124 -> 123 -> 125,119 -> 118 -> 117 -> 116 -> 124 -> 123 -> 125 -> 126,119 -> 118 -> 117 -> 116 -> 124 -> 127,119 -> 118 -> 117 -> 116 -> 124 -> 127 -> 133 -> 132 -> 131 -> 129 -> 128,119 -> 118 -> 117 -> 116 -> 124 -> 127 -> 133 -> 132 -> 131 -> 129,119 -> 118 -> 117 -> 116 -> 124 -> 127 -> 133 -> 132 -> 131 -> 130,119 -> 118 -> 117 -> 116 -> 124 -> 127 -> 133 -> 132 -> 131,119 -> 118 -> 117 -> 116 -> 124 -> 127 -> 133 -> 132,119 -> 118 -> 117 -> 116 -> 124 -> 127 -> 133
120,120 -> 118 -> 117 -> 116 -> 124 -> 127 -> 133 -> 132 -> 131 -> 129 -> 128 -> 1,120 -> 118 -> 117 -> 116 -> 124 -> 123 -> 125 -> 126 -> 2,120 -> 118 -> 117 -> 3,120 -> 121 -> 4,120 -> 118 -> 117 -> 116 -> 115 -> 114 -> 108 -> 101 -> 5,120 -> 118 -> 117 -> 116 -> 124 -> 127 -> 133 -> 132 -> 131 -> 130 -> 6,120 -> 118 -> 117 -> 116 -> 124 -> 123 -> 122 -> 11,120 -> 121 -> 113 -> 107 -> 105 -> 106 -> 12,120 -> 118 -> 117 -> 116 -> 115 -> 114 -> 108 -> 101 -> 13,120 -> 118 -> 117 -> 116 -> 124 -> 127 -> 133 -> 132 -> 14,120 -> 118 -> 117 -> 116 -> 115 -> 114 -> 108 -> 109 -> 15,120 -> 118 -> 117 -> 116 -> 124 -> 127 -> 133 -> 99,120 -> 118 -> 117 -> 116 -> 115 -> 114 -> 108 -> 101,120 -> 118 -> 117 -> 116 -> 115 -> 114 -> 108 -> 101 -> 13 -> 102,120 -> 121 -> 113 -> 107 -> 105 -> 104 -> 103,120 -> 121 -> 113 -> 107 -> 105 -> 104,120 -> 121 -> 113 -> 107 -> 105,120 -> 121 -> 113 -> 107 -> 105 -> 106,120 -> 121 -> 113 -> 107,120 -> 118 -> 117 -> 116 -> 115 -> 114 -> 108,120 -> 118 -> 117 -> 116 -> 115 -> 114 -> 108 -> 109,120 -> 118 -> 117 -> 116 -> 115 -> 114 -> 108 -> 109 -> 110,120 -> 121 -> 113 -> 107 -> 105 -> 104 -> 111,120 -> 119 -> 112,120 -> 121 -> 113,120 -> 118 -> 117 -> 116 -> 115 -> 114,120 -> 118 -> 117 -> 116 -> 115,120 -> 118 -> 117 -> 116,120 -> 118 -> 117,120 -> 118,120 -> 119,,120 -> 121,120 -> 118 -> 117 -> 116 -> 124 -> 123 -> 122,120 -> 118 -> 117 -> 116 -> 124 -> 123,120 -> 118 -> 117 -> 116 -> 124,120 -> 118 -> 117 -> 116 -> 124 -> 123 -> 125,120 -> 118 -> 117 -> 116 -> 124 -> 123 -> 125 -> 126,120 -> 118 -> 117 -> 116 -> 124 -> 127,120 -> 118 -> 117 -> 116 -> 124 -> 127 -> 133 -> 132 -> 131 -> 129 -> 128,120 -> 118 -> 117 -> 116 -> 124 -> 127 -> 133 -> 132 -> 131 -> 129,120 -> 118 -> 117 -> 116 -> 124 -> 127 -> 133 -> 132 -> 131 -> 130,120 -> 118 -> 117 -> 116 -> 124 -> 127 -> 133 -> 132 -> 131,120 -> 118 -> 117 -> 116 -> 124 -> 127 -> 133 -> 132,120 -> 118 -> 117 -> 116 -> 124 -> 127 -> 133
121,121 -> 120 -> 118 -> 117 -> 116 -> 124 -> 127 -> 133 -> 132 -> 131 -> 129 -> 128 -> 1,121 -> 120 -> 118 -> 117 -> 116 -> 124 -> 123 -> 125 -> 126 -> 2,121 -> 120 -> 118 -> 117 -> 3,121 -> 4,121 -> 120 -> 118 -> 117 -> 116 -> 115 -> 114 -> 108 -> 101 -> 5,121 -> 120 -> 118 -> 117 -> 116 -> 124 -> 127 -> 133 -> 132 -> 131 -> 130 -> 6,121 -> 120 -> 118 -> 117 -> 116 -> 124 -> 123 -> 122 -> 11,121 -> 113 -> 107 -> 105 -> 106 -> 12,121 -> 120 -> 118 -> 117 -> 116 -> 115 -> 114 -> 108 -> 101 -> 13,121 -> 120 -> 118 -> 117 -> 116 -> 124 -> 127 -> 133 -> 132 -> 14,121 -> 120 -> 118 -> 117 -> 116 -> 115 -> 114 -> 108 -> 109 -> 15,121 -> 120 -> 118 -> 117 -> 116 -> 124 -> 127 -> 133 -> 99,121 -> 120 -> 118 -> 117 -> 116 -> 115 -> 114 -> 108 -> 101,121 -> 120 -> 118 -> 117 -> 116 -> 115 -> 114 -> 108 -> 101 -> 13 -> 102,121 -> 113 -> 107 -> 105 -> 104 -> 103,121 -> 113 -> 107 -> 105 -> 104,121 -> 113 -> 107 -> 105,121 -> 113 -> 107 -> 105 -> 106,121 -> 113 -> 107,121 -> 120 -> 118 -> 117 -> 116 -> 115 -> 114 -> 108,121 -> 120 -> 118 -> 117 -> 116 -> 115 -> 114 -> 108 -> 109,121 -> 120 -> 118 -> 117 -> 116 -> 115 -> 114 -> 108 -> 109 -> 110,121 -> 113 -> 107 -> 105 -> 104 -> 111,121 -> 113 -> 112,121 -> 113,121 -> 120 -> 118 -> 117 -> 116 -> 115 -> 114,121 -> 120 -> 118 -> 117 -> 116 -> 115,121 -> 120 -> 118 -> 117 -> 116,121 -> 120 -> 118 -> 117,121 -> 120 -> 118,121 -> 120 -> 119,121 -> 120,,121 -> 120 -> 118 -> 117 -> 116 -> 124 -> 123 -> 122,121 -> 120 -> 118 -> 117 -> 116 -> 124 -> 123,121 -> 120 -> 118 -> 117 -> 116 -> 124,121 -> 120 -> 118 -> 117 -> 116 -> 124 -> 123 -> 125,121 -> 120 -> 118 -> 117 -> 116 -> 124 -> 123 -> 125 -> 126,121 -> 120 -> 118 -> 117 -> 116 -> 124 -> 127,121 -> 120 -> 118 -> 117 -> 116 -> 124 -> 127 -> 133 -> 132 -> 131 -> 129 -> 128,121 -> 120 -> 118 -> 117 -> 116 -> 124 -> 127 -> 133 -> 132 -> 131 -> 129,121 -> 120 -> 118 -> 117 -> 116 -> 124 -> 127 -> 133 -> 132 -> 131 -> 130,121 -> 120 -> 118 -> 117 -> 116 -> 124 -> 127 -> 133 -> 132 -> 131,121 -> 120 -> 118 -> 117 -> 116 -> 124 -> 127 -> 133 -> 132,121 -> 120 -> 118 -> 117 -> 116 -> 124 -> 127 -> 133
122,122 -> 123 -> 124 -> 127 -> 133 -> 132 -> 131 -> 129 -> 128 -> 1,122 -> 123 -> 125 -> 126 -> 2,122 -> 123 -> 124 -> 116 -> 117 -> 3,122 -> 123 -> 124 -> 116 -> 117 -> 118 -> 120 -> 121 -> 4,122 -> 115 -> 114 -> 108 -> 101 -> 5,122 -> 123 -> 124 -> 127 -> 133 -> 132 -> 131 -> 130 -> 6,122 -> 11,122 -> 115 -> 114 -> 108 -> 109 -> 110 -> 103 -> 104 -> 105 -> 106 -> 12,122 -> 115 -> 114 -> 108 -> 101 -> 13,122 -> 123 -> 124 -> 127 -> 133 -> 132 -> 14,122 -> 115 -> 114 -> 108 -> 109 -> 15,122 -> 123 -> 124 -> 127 -> 133 -> 99,122 -> 115 -> 114 -> 108 -> 101,122 -> 115 -> 114 -> 108 -> 101 -> 13 -> 102,122 -> 115 -> 114 -> 108 -> 109 -> 110 -> 103,122 -> 115 -> 114 -> 108 -> 109 -> 110 -> 103 -> 104,122 -> 115 -> 114 -> 108 -> 109 -> 110 -> 103 -> 104 -> 105,122 -> 115 -> 114 -> 108 -> 109 -> 110 -> 103 -> 104 -> 105 -> 106,122 -> 115 -> 114 -> 108 -> 109 -> 110 -> 103 -> 104 -> 105 -> 107,122 -> 115 -> 114 -> 108,122 -> 115 -> 114 -> 108 -> 109,122 -> 115 -> 114 -> 108 -> 109 -> 110,122 -> 115 -> 114 -> 111,122 -> 123 -> 124 -> 116 -> 117 -> 118 -> 119 -> 112,122 -> 123 -> 124 -> 116 -> 117 -> 118 -> 120 -> 121 -> 113,122 -> 115 -> 114,122 -> 115,122 -> 123 -> 124 -> 116,122 -> 123 -> 124 -> 116 -> 117,122 -> 123 -> 124 -> 116 -> 117 -> 118,122 -> 123 -> 124 -> 116 -> 117 -> 118 -> 119,122 -> 123 -> 124 -> 116 -> 117 -> 118 -> 120,122 -> 123 -> 124 -> 116 -> 117 -> 118 -> 120 -> 121,,122 -> 123,122 -> 123 -> 124,122 -> 123 -> 125,122 -> 123 -> 125 -> 126,122 -> 123 -> 124 -> 127,122 -> 123 -> 124 -> 127 -> 133 -> 132 -> 131 -> 129 -> 128,122 -> 123 -> 124 -> 127 -> 133 -> 132 -> 131 -> 129,122 -> 123 -> 124 -> 127 -> 133 -> 132 -> 131 -> 130,122 -> 123 -> 124 -> 127 -> 133 -> 132 -> 131,122 -> 123 -> 124 -> 127 -> 133 -> 132,122 -> 123 -> 124 -> 127 -> 133
123,123 -> 124 -> 127 -> 133 -> 132 -> 131 -> 129 -> 128 -> 1,123 -> 125 -> 126 -> 2,123 -> 124 -> 116 -> 117 -> 3,123 -> 124 -> 116 -> 117 -> 118 -> 120 -> 121 -> 4,123 -> 122 -> 115 -> 114 -> 108 -> 101 -> 5,123 -> 124 -> 127 -> 133 -> 132 -> 131 -> 130 -> 6,123 -> 122 -> 11,123 -> 122 -> 115 -> 114 -> 108 -> 109 -> 110 -> 103 -> 104 -> 105 -> 106 -> 12,123 -> 122 -> 115 -> 114 -> 108 -> 101 -> 13,123 -> 124 -> 127 -> 133 -> 132 -> 14,123 -> 122 -> 115 -> 114 -> 108 -> 109 -> 15,123 -> 124 -> 127 -> 133 -> 99,123 -> 122 -> 115 -> 114 -> 108 -> 101,123 -> 122 -> 115 -> 114 -> 108 -> 101 -> 13 -> 102,123 -> 122 -> 115 -> 114 -> 108 -> 109 -> 110 -> 103,123 -> 122 -> 115 -> 114 -> 108 -> 109 -> 110 -> 103 -> 104,123 -> 122 -> 115 -> 114 -> 108 -> 109 -> 110 -> 103 -> 104 -> 105,123 -> 122 -> 115 -> 114 -> 108 -> 109 -> 110 -> 103 -> 104 -> 105 -> 106,123 -> 122 -> 115 -> 114 -> 108 -> 109 -> 110 -> 103 -> 104 -> 105 -> 107,123 -> 122 -> 115 -> 114 -> 108,123 -> 122 -> 115 -> 114 -> 108 -> 109,123 -> 122 -> 115 -> 114 -> 108 -> 109 -> 110,123 -> 122 -> 115 -> 114 -> 111,123 -> 124 -> 116 -> 117 -> 118 -> 119 -> 112,123 -> 124 -> 116 -> 117 -> 118 -> 120 -> 121 -> 113,123 -> 122 -> 115 -> 114,123 -> 122 -> 115,123 -> 124 -> 116,123 -> 124 -> 116 -> 117,123 -> 124 -> 116 -> 117 -> 118,123 -> 124 -> 116 -> 117 -> 118 -> 119,123 -> 124 -> 116 -> 117 -> 118 -> 120,123 -> 124 -> 116 -> 117 -> 118 -> 120 -> 121,123 -> 122,,123 -> 124,123 -> 125,123 -> 125 -> 126,123 -> 124 -> 127,123 -> 124 -> 127 -> 133 -> 132 -> 131 -> 129 -> 128,123 -> 124 -> 127 -> 133 -> 132 -> 131 -> 129,123 -> 124 -> 127 -> 133 -> 132 -> 131 -> 130,123 -> 124 -> 127 -> 133 -> 132 -> 131,123 -> 124 -> 127 -> 133 -> 132,123 -> 124 -> 127 -> 133
124,124 -> 127 -> 133 -> 132 -> 131 -> 129 -> 128 -> 1,124 -> 123 -> 125 -> 126 -> 2,124 -> 116 -> 117 -> 3,124 -> 116 -> 117 -> 118 -> 120 -> 121 -> 4,124 -> 123 -> 122 -> 115 -> 114 -> 108 -> 101 -> 5,124 -> 127 -> 133 -> 132 -> 131 -> 130 -> 6,124 -> 123 -> 122 -> 11,124 -> 123 -> 122 -> 115 -> 114 -> 108 -> 109 -> 110 -> 103 -> 104 -> 105 -> 106 -> 12,124 -> 123 -> 122 -> 115 -> 114 -> 108 -> 101 -> 13,124 -> 127 -> 133 -> 132 -> 14,124 -> 123 -> 122 -> 115 -> 114 -> 108 -> 109 -> 15,124 -> 127 -> 133 -> 99,124 -> 123 -> 122 -> 115 -> 114 -> 108 -> 101,124 -> 123 -> 122 -> 115 -> 114 -> 108 -> 101 -> 13 -> 102,124 -> 123 -> 122 -> 115 -> 114 -> 108 -> 109 -> 110 -> 103,124 -> 123 -> 122 -> 115 -> 114 -> 108 -> 109 -> 110 -> 103 -> 104,124 -> 123 -> 122 -> 115 -> 114 -> 108 -> 109 -> 110 -> 103 -> 104 -> 105,124 -> 123 -> 122 -> 115 -> 114 -> 108 -> 109 -> 110 -> 103 -> 104 -> 105 -> 106,124 -> 123 -> 122 -> 115 -> 114 -> 108 -> 109 -> 110 -> 103 -> 104 -> 105 -> 107,124 -> 123 -> 122 -> 115 -> 114 -> 108,124 -> 123 -> 122 -> 115 -> 114 -> 108 -> 109,124 -> 123 -> 122 -> 115 -> 114 -> 108 -> 109 -> 110,124 -> 123 -> 122 -> 115 -> 114 -> 111,124 -> 116 -> 117 -> 118 -> 119 -> 112,124 -> 116 -> 117 -> 118 -> 120 -> 121 -> 113,124 -> 123 -> 122 -> 115 -> 114,124 -> 123 -> 122 -> 115,124 -> 116,124 -> 116 -> 117,124 -> 116 -> 117 -> 118,124 -> 116 -> 117 -> 118 -> 119,124 -> 116 -> 117 -> 118 -> 120,124 -> 116 -> 117 -> 118 -> 120 -> 121,124 -> 123 -> 122,124 -> 123,,124 -> 123 -> 125,124 -> 123 -> 125 -> 126,124 -> 127,124 -> 127 -> 133 -> 132 -> 131 -> 129 -> 128,124 -> 127 -> 133 -> 132 -> 131 -> 129,124 -> 127 -> 133 -> 132 -> 131 -> 130,124 -> 127 -> 133 -> 132 -> 131,124 -> 127 -> 133 -> 132,124 -> 127 -> 133
125,125 -> 128 -> 1,125 -> 126 -> 2,125 -> 123 -> 124 -> 116 -> 117 -> 3,125 -> 123 -> 124 -> 116 -> 117 -> 118 -> 120 -> 121 -> 4,125 -> 123 -> 122 -> 115 -> 114 -> 108 -> 101 -> 5,125 -> 126 -> 127 -> 133 -> 132 -> 131 -> 130 -> 6,125 -> 123 -> 122 -> 11,125 -> 123 -> 122 -> 115 -> 114 -> 108 -> 109 -> 110 -> 103 -> 104 -> 105 -> 106 -> 12,125 -> 123 -> 122 -> 115 -> 114 -> 108 -> 101 -> 13,125 -> 126 -> 127 -> 133 -> 132 -> 14,125 -> 123 -> 122 -> 115 -> 114 -> 108 -> 109 -> 15,125 -> 126 -> 127 -> 133 -> 99,125 -> 123 -> 122 -> 115 -> 114 -> 108 -> 101,125 -> 123 -> 122 -> 115 -> 114 -> 108 -> 101 -> 13 -> 102,125 -> 123 -> 122 -> 115 -> 114 -> 108 -> 109 -> 110 -> 103,125 -> 123 -> 122 -> 115 -> 114 -> 108 -> 109 -> 110 -> 103 -> 104,125 -> 123 -> 122 -> 115 -> 114 -> 108 -> 109 -> 110 -> 103 -> 104 -> 105,125 -> 123 -> 122 -> 115 -> 114 -> 108 -> 109 -> 110 -> 103 -> 104 -> 105 -> 106,125 -> 123 -> 122 -> 115 -> 114 -> 108 -> 109 -> 110 -> 103 -> 104 -> 105 -> 107,125 -> 123 -> 122 -> 115 -> 114 -> 108,125 -> 123 -> 122 -> 115 -> 114 -> 108 -> 109,125 -> 123 -> 122 -> 115 -> 114 -> 108 -> 109 -> 110,125 -> 123 -> 122 -> 115 -> 114 -> 111,125 -> 123 -> 124 -> 116 -> 117 -> 118 -> 119 -> 112,125 -> 123 -> 124 -> 116 -> 117 -> 118 -> 120 -> 121 -> 113,125 -> 123 -> 122 -> 115 -> 114,125 -> 123 -> 122 -> 115,125 -> 123 -> 124 -> 116,125 -> 123 -> 124 -> 116 -> 117,125 -> 123 -> 124 -> 116 -> 117 -> 118,125 -> 123 -> 124 -> 116 -> 117 -> 118 -> 119,125 -> 123 -> 124 -> 116 -> 117 -> 118 -> 120,125 -> 123 -> 124 -> 116 -> 117 -> 118 -> 120 -> 121,125 -> 123 -> 122,125 -> 123,125 -> 123 -> 124,,125 -> 126,125 -> 126 -> 127,125 -> 128,125 -> 128 -> 129,125 -> 126 -> 127 -> 133 -> 132 -> 131 -> 130,125 -> 126 -> 127 -> 133 -> 132 -> 131,125 -> 126 -> 127 -> 133 -> 132,125 -> 126 -> 127 -> 133
126,126 -> 125 -> 128 -> 1,126 -> 2,126 -> 125 -> 123 -> 124 -> 116 -> 117 -> 3,126 -> 125 -> 123 -> 124 -> 116 -> 117 -> 118 -> 120 -> 121 -> 4,126 -> 125 -> 123 -> 122 -> 115 -> 114 -> 108 -> 101 -> 5,126 -> 127 -> 133 -> 132 -> 131 -> 130 -> 6,126 -> 125 -> 123 -> 122 -> 11,126 -> 125 -> 123 -> 122 -> 115 -> 114 -> 108 -> 109 -> 110 -> 103 -> 104 -> 105 -> 106 -> 12,126 -> 125 -> 123 -> 122 -> 115 -> 114 -> 108 -> 101 -> 13,126 -> 127 -> 133 -> 132 -> 14,126 -> 125 -> 123 -> 122 -> 115 -> 114 -> 108 -> 109 -> 15,126 -> 127 -> 133 -> 99,126 -> 125 -> 123 -> 122 -> 115 -> 114 -> 108 -> 101,126 -> 125 -> 123 -> 122 -> 115 -> 114 -> 108 -> 101 -> 13 -> 102,126 -> 125 -> 123 -> 122 -> 115 -> 114 -> 108 -> 109 -> 110 -> 103,126 -> 125 -> 123 -> 122 -> 115 -> 114 -> 108 -> 109 -> 110 -> 103 -> 104,126 -> 125 -> 123 -> 122 -> 115 -> 114 -> 108 -> 109 -> 110 -> 103 -> 104 -> 105,126 -> 125 -> 123 -> 122 -> 115 -> 114 -> 108 -> 109 -> 110 -> 103 -> 104 -> 105 -> 106,126 -> 125 -> 123 -> 122 -> 115 -> 114 -> 108 -> 109 -> 110 -> 103 -> 104 -> 105 -> 107,126 -> 125 -> 123 -> 122 -> 115 -> 114 -> 108,126 -> 125 -> 123 -> 122 -> 115 -> 114 -> 108 -> 109,126 -> 125 -> 123 -> 122 -> 115 -> 114 -> 108 -> 109 -> 110,126 -> 125 -> 123 -> 122 -> 115 -> 114 -> 111,126 -> 125 -> 123 -> 124 -> 116 -> 117 -> 118 -> 119 -> 112,126 -> 125 -> 123 -> 124 -> 116 -> 117 -> 118 -> 120 -> 121 -> 113,126 -> 125 -> 123 -> 122 -> 115 -> 114,126 -> 125 -> 123 -> 122 -> 115,126 -> 125 -> 123 -> 124 -> 116,126 -> 125 -> 123 -> 124 -> 116 -> 117,126 -> 125 -> 123 -> 124 -> 116 -> 117 -> 118,126 -> 125 -> 123 -> 124 -> 116 -> 117 -> 118 -> 119,126 -> 125 -> 123 -> 124 -> 116 -> 117 -> 118 -> 120,126 -> 125 -> 123 -> 124 -> 116 -> 117 -> 118 -> 120 -> 121,126 -> 125 -> 123 -> 122,126 -> 125 -> 123,126 -> 125 -> 123 -> 124,126 -> 125,,126 -> 127,126 -> 125 -> 128,126 -> 125 -> 128 -> 129,126 -> 127 -> 133 -> 132 -> 131 -> 130,126 -> 127 -> 133 -> 132 -> 131,126 -> 127 -> 133 -> 132,126 -> 127 -> 133
127,127 -> 133 -> 132 -> 131 -> 129 -> 128 -> 1,127 -> 126 -> 2,127 -> 124 -> 116 -> 117 -> 3,127 -> 124 -> 116 -> 117 -> 118 -> 120 -> 121 -> 4,127 -> 124 -> 123 -> 122 -> 115 -> 114 -> 108 -> 101 -> 5,127 -> 133 -> 132 -> 131 -> 130 -> 6,127 -> 124 -> 123 -> 122 -> 11,127 -> 124 -> 123 -> 122 -> 115 -> 114 -> 108 -> 109 -> 110 -> 103 -> 104 -> 105 -> 106 -> 12,127 -> 124 -> 123 -> 122 -> 115 -> 114 -> 108 -> 101 -> 13,127 -> 133 -> 132 -> 14,127 -> 124 -> 123 -> 122 -> 115 -> 114 -> 108 -> 109 -> 15,127 -> 133 -> 99,127 -> 124 -> 123 -> 122 -> 115 -> 114 -> 108 -> 101,127 -> 124 -> 123 -> 122 -> 115 -> 114 -> 108 -> 101 -> 13 -> 102,127 -> 124 -> 123 -> 122 -> 115 -> 114 -> 108 -> 109 -> 110 -> 103,127 -> 124 -> 123 -> 122 -> 115 -> 114 -> 108 -> 109 -> 110 -> 103 -> 104,127 -> 124 -> 123 -> 122 -> 115 -> 114 -> 108 -> 109 -> 110 -> 103 -> 104 -> 105,127 -> 124 -> 123 -> 122 -> 115 -> 114 -> 108 -> 109 -> 110 -> 103 -> 104 -> 105 -> 106,127 -> 124 -> 123 -> 122 -> 115 -> 114 -> 108 -> 109 -> 110 -> 103 -> 104 -> 105 -> 107,127 -> 124 -> 123 -> 122 -> 115 -> 114 -> 108,127 -> 124 -> 123 -> 122 -> 115 -> 114 -> 108 -> 109,127 -> 124 -> 123 -> 122 -> 115 -> 114 -> 108 -> 109 -> 110,127 -> 124 -> 123 -> 122 -> 115 -> 114 -> 111,127 -> 124 -> 116 -> 117 -> 118 -> 119 -> 112,127 -> 124 -> 116 -> 117 -> 118 -> 120 -> 121 -> 113,127 -> 124 -> 123 -> 122 -> 115 -> 114,127 -> 124 -> 123 -> 122 -> 115,127 -> 124 -> 116,127 -> 124 -> 116 -> 117,127 -> 124 -> 116 -> 117 -> 118,127 -> 124 -> 116 -> 117 -> 118 -> 119,127 -> 124 -> 116 -> 117 -> 118 -> 120,127 -> 124 -> 116 -> 117 -> 118 -> 120 -> 121,127 -> 124 -> 123 -> 122,127 -> 124 -> 123,127 -> 124,127 -> 126 -> 125,127 -> 126,,127 -> 133 -> 132 -> 131 -> 129 -> 128,127 -> 133 -> 132 -> 131 -> 129,127 -> 133 -> 132 -> 131 -> 130,127 -> 133 -> 132 -> 131,127 -> 133 -> 132,127 -> 133
128,128 -> 1,128 -> 125 -> 126 -> 2,128 -> 129 -> 131 -> 132 -> 133 -> 127 -> 124 -> 116 -> 117 -> 3,128 -> 129 -> 131 -> 132 -> 133 -> 127 -> 124 -> 116 -> 117 -> 118 -> 120 -> 121 -> 4,128 -> 129 -> 131 -> 132 -> 133 -> 127 -> 124 -> 123 -> 122 -> 115 -> 114 -> 108 -> 101 -> 5,128 -> 129 -> 130 -> 6,128 -> 129 -> 131 -> 132 -> 133 -> 127 -> 124 -> 123 -> 122 -> 11,128 -> 129 -> 131 -> 132 -> 133 -> 127 -> 124 -> 123 -> 122 -> 115 -> 114 -> 108 -> 109 -> 110 -> 103 -> 104 -> 105 -> 106 -> 12,128 -> 129 -> 131 -> 132 -> 133 -> 127 -> 124 -> 123 -> 122 -> 115 -> 114 -> 108 -> 101 -> 13,128 -> 129 -> 131 -> 132 -> 14,128 -> 129 -> 131 -> 132 -> 133 -> 127 -> 124 -> 123 -> 122 -> 115 -> 114 -> 108 -> 109 -> 15,128 -> 129 -> 131 -> 132 -> 133 -> 99,128 -> 129 -> 131 -> 132 -> 133 -> 127 -> 124 -> 123 -> 122 -> 115 -> 114 -> 108 -> 101,128 -> 129 -> 131 -> 132 -> 133 -> 127 -> 124 -> 123 -> 122 -> 115 -> 114 -> 108 -> 101 -> 13 -> 102,128 -> 129 -> 131 -> 132 -> 133 -> 127 -> 124 -> 123 -> 122 -> 115 -> 114 -> 108 -> 109 -> 110 -> 103,128 -> 129 -> 131 -> 132 -> 133 -> 127 -> 124 -> 123 -> 122 -> 115 -> 114 -> 108 -> 109 -> 110 -> 103 -> 104,128 -> 129 -> 131 -> 132 -> 133 -> 127 -> 124 -> 123 -> 122 -> 115 -> 114 -> 108 -> 109 -> 110 -> 103 -> 104 -> 105,128 -> 129 -> 131 -> 132 -> 133 -> 127 -> 124 -> 123 -> 122 -> 115 -> 114 -> 108 -> 109 -> 110 -> 103 -> 104 -> 105 -> 106,128 -> 129 -> 131 -> 132 -> 133 -> 127 -> 124 -> 123 -> 122 -> 115 -> 114 -> 108 -> 109 -> 110 -> 103 -> 104 -> 105 -> 107,128 -> 129 -> 131 -> 132 -> 133 -> 127 -> 124 -> 123 -> 122 -> 115 -> 114 -> 108,128 -> 129 -> 131 -> 132 -> 133 -> 127 -> 124 -> 123 -> 122 -> 115 -> 114 -> 108 -> 109,128 -> 129 -> 131 -> 132 -> 133 -> 127 -> 124 -> 123 -> 122 -> 115 -> 114 -> 108 -> 109 -> 110,128 -> 129 -> 131 -> 132 -> 133 -> 127 -> 124 -> 123 -> 122 -> 115 -> 114 -> 111,128 -> 129 -> 131 -> 132 -> 133 -> 127 -> 124 -> 116 -> 117 -> 118 -> 119 -> 112,128 -> 129 -> 131 -> 132 -> 133 -> 127 -> 124 -> 116 -> 117 -> 118 -> 120 -> 121 -> 113,128 -> 129 -> 131 -> 132 -> 133 -> 127 -> 124 -> 123 -> 122 -> 115 -> 114,128 -> 129 -> 131 -> 132 -> 133 -> 127 -> 124 -> 123 -> 122 -> 115,128 -> 129 -> 131 -> 132 -> 133 -> 127 -> 124 -> 116,128 -> 129 -> 131 -> 132 -> 133 -> 127 -> 124 -> 116 -> 117,128 -> 129 -> 131 -> 132 -> 133 -> 127 -> 124 -> 116 -> 117 -> 118,128 -> 129 -> 131 -> 132 -> 133 -> 127 -> 124 -> 116 -> 117 -> 118 -> 119,128 -> 129 -> 131 -> 132 -> 133 -> 127 -> 124 -> 116 -> 117 -> 118 -> 120,128 -> 129 -> 131 -> 132 -> 133 -> 127 -> 124 -> 116 -> 117 -> 118 -> 120 -> 121,128 -> 129 -> 131 -> 132 -> 133 -> 127 -> 124 -> 123 -> 122,128 -> 129 -> 131 -> 132 -> 133 -> 127 -> 124 -> 123,128 -> 129 -> 131 -> 132 -> 133 -> 127 -> 124,128 -> 125,128 -> 125 -> 126,128 -> 129 -> 131 -> 132 -> 133 -> 127,,128 -> 129,128 -> 129 -> 130,128 -> 129 -> 131,128 -> 129 -> 131 -> 132,128 -> 129 -> 131 -> 132 -> 133
129,129 -> 128 -> 1,129 -> 128 -> 125 -> 126 -> 2,129 -> 131 -> 132 -> 133 -> 127 -> 124 -> 116 -> 117 -> 3,129 -> 131 -> 132 -> 133 -> 127 -> 124 -> 116 -> 117 -> 118 -> 120 -> 121 -> 4,129 -> 131 -> 132 -> 133 -> 127 -> 124 -> 123 -> 122 -> 115 -> 114 -> 108 -> 101 -> 5,129 -> 130 -> 6,129 -> 131 -> 132 -> 133 -> 127 -> 124 -> 123 -> 122 -> 11,129 -> 131 -> 132 -> 133 -> 127 -> 124 -> 123 -> 122 -> 115 -> 114 -> 108 -> 109 -> 110 -> 103 -> 104 -> 105 -> 106 -> 12,129 -> 131 -> 132 -> 133 -> 127 -> 124 -> 123 -> 122 -> 115 -> 114 -> 108 -> 101 -> 13,129 -> 131 -> 132 -> 14,129 -> 131 -> 132 -> 133 -> 127 -> 124 -> 123 -> 122 -> 115 -> 114 -> 108 -> 109 -> 15,129 -> 131 -> 132 -> 133 -> 99,129 -> 131 -> 132 -> 133 -> 127 -> 124 -> 123 -> 122 -> 115 -> 114 -> 108 -> 101,129 -> 131 -> 132 -> 133 -> 127 -> 124 -> 123 -> 122 -> 115 -> 114 -> 108 -> 101 -> 13 -> 102,129 -> 131 -> 132 -> 133 -> 127 -> 124 -> 123 -> 122 -> 115 -> 114 -> 108 -> 109 -> 110 -> 103,129 -> 131 -> 132 -> 133 -> 127 -> 124 -> 123 -> 122 -> 115 -> 114 -> 108 -> 109 -> 110 -> 103 -> 104,129 -> 131 -> 132 -> 133 -> 127 -> 124 -> 123 -> 122 -> 115 -> 114 -> 108 -> 109 -> 110 -> 103 -> 104 -> 105,129 -> 131 -> 132 -> 133 -> 127 -> 124 -> 123 -> 122 -> 115 -> 114 -> 108 -> 109 -> 110 -> 103 -> 104 -> 105 -> 106,129 -> 131 -> 132 -> 133 -> 127 -> 124 -> 123 -> 122 -> 115 -> 114 -> 108 -> 109 -> 110 -> 103 -> 104 -> 105 -> 107,129 -> 131 -> 132 -> 133 -> 127 -> 124 -> 123 -> 122 -> 115 -> 114 -> 108,129 -> 131 -> 132 -> 133 -> 127 -> 124 -> 123 -> 122 -> 115 -> 114 -> 108 -> 109,129 -> 131 -> 132 -> 133 -> 127 -> 124 -> 123 -> 122 -> 115 -> 114 -> 108 -> 109 -> 110,129 -> 131 -> 132 -> 133 -> 127 -> 124 -> 123 -> 122 -> 115 -> 114 -> 111,129 -> 131 -> 132 -> 133 -> 127 -> 124 -> 116 -> 117 -> 118 -> 119 -> 112,129 -> 131 -> 132 -> 133 -> 127 -> 124 -> 116 -> 117 -> 118 -> 120 -> 121 -> 113,129 -> 131 -> 132 -> 133 -> 127 -> 124 -> 123 -> 122 -> 115 -> 114,129 -> 131 -> 132 -> 133 -> 127 -> 124 -> 123 -> 122 -> 115,129 -> 131 -> 132 -> 133 -> 127 -> 124 -> 116,129 -> 131 -> 132 -> 133 -> 127 -> 124 -> 116 -> 117,129 -> 131 -> 132 -> 133 -> 127 -> 124 -> 116 -> 117 -> 118,129 -> 131 -> 132 -> 133 -> 127 -> 124 -> 116 -> 117 -> 118 -> 119,129 -> 131 -> 132 -> 133 -> 127 -> 124 -> 116 -> 117 -> 118 -> 120,129 -> 131 -> 132 -> 133 -> 127 -> 124 -> 116 -> 117 -> 118 -> 120 -> 121,129 -> 131 -> 132 -> 133 -> 127 -> 124 -> 123 -> 122,129 -> 131 -> 132 -> 133 -> 127 -> 124 -> 123,129 -> 131 -> 132 -> 133 -> 127 -> 124,129 -> 128 -> 125,129 -> 128 -> 125 -> 126,129 -> 131 -> 132 -> 133 -> 127,129 -> 128,,129 -> 130,129 -> 131,129 -> 131 -> 132,129 -> 131 -> 132 -> 133
130,130 -> 129 -> 128 -> 1,130 -> 131 -> 132 -> 133 -> 127 -> 126 -> 2,130 -> 131 -> 132 -> 133 -> 127 -> 124 -> 116 -> 117 -> 3,130 -> 131 -> 132 -> 133 -> 127 -> 124 -> 116 -> 117 -> 118 -> 120 -> 121 -> 4,130 -> 131 -> 132 -> 133 -> 127 -> 124 -> 123 -> 122 -> 115 -> 114 -> 108 -> 101 -> 5,130 -> 6,130 -> 131 -> 132 -> 133 -> 127 -> 124 -> 123 -> 122 -> 11,130 -> 131 -> 132 -> 133 -> 127 -> 124 -> 123 -> 122 -> 115 -> 114 -> 108 -> 109 -> 110 -> 103 -> 104 -> 105 -> 106 -> 12,130 -> 131 -> 132 -> 133 -> 127 -> 124 -> 123 -> 122 -> 115 -> 114 -> 108 -> 101 -> 13,130 -> 131 -> 132 -> 14,130 -> 131 -> 132 -> 133 -> 127 -> 124 -> 123 -> 122 -> 115 -> 114 -> 108 -> 109 -> 15,130 -> 131 -> 132 -> 133 -> 99,130 -> 131 -> 132 -> 133 -> 127 -> 124 -> 123 -> 122 -> 115 -> 114 -> 108 -> 101,130 -> 131 -> 132 -> 133 -> 127 -> 124 -> 123 -> 122 -> 115 -> 114 -> 108 -> 101 -> 13 -> 102,130 -> 131 -> 132 -> 133 -> 127 -> 124 -> 123 -> 122 -> 115 -> 114 -> 108 -> 109 -> 110 -> 103,130 -> 131 -> 132 -> 133 -> 127 -> 124 -> 123 -> 122 -> 115 -> 114 -> 108 -> 109 -> 110 -> 103 -> 104,130 -> 131 -> 132 -> 133 -> 127 -> 124 -> 123 -> 122 -> 115 -> 114 -> 108 -> 109 -> 110 -> 103 -> 104 -> 105,130 -> 131 -> 132 -> 133 -> 127 -> 124 -> 123 -> 122 -> 115 -> 114 -> 108 -> 109 -> 110 -> 103 -> 104 -> 105 -> 106,130 -> 131 -> 132 -> 133 -> 127 -> 124 -> 123 -> 122 -> 115 -> 114 -> 108 -> 109 -> 110 -> 103 -> 104 -> 105 -> 107,130 -> 131 -> 132 -> 133 -> 127 -> 124 -> 123 -> 122 -> 115 -> 114 -> 108,130 -> 131 -> 132 -> 133 -> 127 -> 124 -> 123 -> 122 -> 115 -> 114 -> 108 -> 109,130 -> 131 -> 132 -> 133 -> 127 -> 124 -> 123 -> 122 -> 115 -> 114 -> 108 -> 109 -> 110,130 -> 131 -> 132 -> 133 -> 127 -> 124 -> 123 -> 122 -> 115 -> 114 -> 111,130 -> 131 -> 132 -> 133 -> 127 -> 124 -> 116 -> 117 -> 118 -> 119 -> 112,130 -> 131 -> 132 -> 133 -> 127 -> 124 -> 116 -> 117 -> 118 -> 120 -> 121 -> 113,130 -> 131 -> 132 -> 133 -> 127 -> 124 -> 123 -> 122 -> 115 -> 114,130 -> 131 -> 132 -> 133 -> 127 -> 124 -> 123 -> 122 -> 115,130 -> 131 -> 132 -> 133 -> 127 -> 124 -> 116,130 -> 131 -> 132 -> 133 -> 127 -> 124 -> 116 -> 117,130 -> 131 -> 132 -> 133 -> 127 -> 124 -> 116 -> 117 -> 118,130 -> 131 -> 132 -> 133 -> 127 -> 124 -> 116 -> 117 -> 118 -> 119,130 -> 131 -> 132 -> 133 -> 127 -> 124 -> 116 -> 117 -> 118 -> 120,130 -> 131 -> 132 -> 133 -> 127 -> 124 -> 116 -> 117 -> 118 -> 120 -> 121,130 -> 131 -> 132 -> 133 -> 127 -> 124 -> 123 -> 122,130 -> 131 -> 132 -> 133 -> 127 -> 124 -> 123,130 -> 131 -> 132 -> 133 -> 127 -> 124,130 -> 131 -> 132 -> 133 -> 127 -> 126 -> 125,130 -> 131 -> 132 -> 133 -> 127 -> 126,130 -> 131 -> 132 -> 133 -> 127,130 -> 129 -> 128,130 -> 129,,130 -> 131,130 -> 131 -> 132,130 -> 131 -> 132 -> 133
131,131 -> 129 -> 128 -> 1,131 -> 132 -> 133 -> 127 -> 126 -> 2,131 -> 132 -> 133 -> 127 -> 124 -> 116 -> 117 -> 3,131 -> 132 -> 133 -> 127 -> 124 -> 116 -> 117 -> 118 -> 120 -> 121 -> 4,131 -> 132 -> 133 -> 127 -> 124 -> 123 -> 122 -> 115 -> 114 -> 108 -> 101 -> 5,131 -> 130 -> 6,131 -> 132 -> 133 -> 127 -> 124 -> 123 -> 122 -> 11,131 -> 132 -> 133 -> 127 -> 124 -> 123 -> 122 -> 115 -> 114 -> 108 -> 109 -> 110 -> 103 -> 104 -> 105 -> 106 -> 12,131 -> 132 -> 133 -> 127 -> 124 -> 123 -> 122 -> 115 -> 114 -> 108 -> 101 -> 13,131 -> 132 -> 14,131 -> 132 -> 133 -> 127 -> 124 -> 123 -> 122 -> 115 -> 114 -> 108 -> 109 -> 15,131 -> 132 -> 133 -> 99,131 -> 132 -> 133 -> 127 -> 124 -> 123 -> 122 -> 115 -> 114 -> 108 -> 101,131 -> 132 -> 133 -> 127 -> 124 -> 123 -> 122 -> 115 -> 114 -> 108 -> 101 -> 13 -> 102,131 -> 132 -> 133 -> 127 -> 124 -> 123 -> 122 -> 115 -> 114 -> 108 -> 109 -> 110 -> 103,131 -> 132 -> 133 -> 127 -> 124 -> 123 -> 122 -> 115 -> 114 -> 108 -> 109 -> 110 -> 103 -> 104,131 -> 132 -> 133 -> 127 -> 124 -> 123 -> 122 -> 115 -> 114 -> 108 -> 109 -> 110 -> 103 -> 104 -> 105,131 -> 132 -> 133 -> 127 -> 124 -> 123 -> 122 -> 115 -> 114 -> 108 -> 109 -> 110 -> 103 -> 104 -> 105 -> 106,131 -> 132 -> 133 -> 127 -> 124 -> 123 -> 122 -> 115 -> 114 -> 108 -> 109 -> 110 -> 103 -> 104 -> 105 -> 107,131 -> 132 -> 133 -> 127 -> 124 -> 123 -> 122 -> 115 -> 114 -> 108,131 -> 132 -> 133 -> 127 -> 124 -> 123 -> 122 -> 115 -> 114 -> 108 -> 109,131 -> 132 -> 133 -> 127 -> 124 -> 123 -> 122 -> 115 -> 114 -> 108 -> 109 -> 110,131 -> 132 -> 133 -> 127 -> 124 -> 123 -> 122 -> 115 -> 114 -> 111,131 -> 132 -> 133 -> 127 -> 124 -> 116 -> 117 -> 118 -> 119 -> 112,131 -> 132 -> 133 -> 127 -> 124 -> 116 -> 117 -> 118 -> 120 -> 121 -> 113,131 -> 132 -> 133 -> 127 -> 124 -> 123 -> 122 -> 115 -> 114,131 -> 132 -> 133 -> 127 -> 124 -> 123 -> 122 -> 115,131 -> 132 -> 133 -> 127 -> 124 -> 116,131 -> 132 -> 133 -> 127 -> 124 -> 116 -> 117,131 -> 132 -> 133 -> 127 -> 124 -> 116 -> 117 -> 118,131 -> 132 -> 133 -> 127 -> 124 -> 116 -> 117 -> 118 -> 119,131 -> 132 -> 133 -> 127 -> 124 -> 116 -> 117 -> 118 -> 120,131 -> 132 -> 133 -> 127 -> 124 -> 116 -> 117 -> 118 -> 120 -> 121,131 -> 132 -> 133 -> 127 -> 124 -> 123 -> 122,131 -> 132 -> 133 -> 127 -> 124 -> 123,131 -> 132 -> 133 -> 127 -> 124,131 -> 132 -> 133 -> 127 -> 126 -> 125,131 -> 132 -> 133 -> 127 -> 126,131 -> 132 -> 133 -> 127,131 -> 129 -> 128,131 -> 129,131 -> 130,,131 -> 132,131 -> 132 -> 133
132,132 -> 131 -> 129 -> 128 -> 1,132 -> 133 -> 127 -> 126 -> 2,132 -> 133 -> 127 -> 124 -> 116 -> 117 -> 3,132 -> 133 -> 127 -> 124 -> 116 -> 117 -> 118 -> 120 -> 121 -> 4,132 -> 133 -> 127 -> 124 -> 123 -> 122 -> 115 -> 114 -> 108 -> 101 -> 5,132 -> 131 -> 130 -> 6,132 -> 133 -> 127 -> 124 -> 123 -> 122 -> 11,132 -> 133 -> 127 -> 124 -> 123 -> 122 -> 115 -> 114 -> 108 -> 109 -> 110 -> 103 -> 104 -> 105 -> 106 -> 12,132 -> 133 -> 127 -> 124 -> 123 -> 122 -> 115 -> 114 -> 108 -> 101 -> 13,132 -> 14,132 -> 133 -> 127 -> 124 -> 123 -> 122 -> 115 -> 114 -> 108 -> 109 -> 15,132 -> 133 -> 99,132 -> 133 -> 127 -> 124 -> 123 -> 122 -> 115 -> 114 -> 108 -> 101,132 -> 133 -> 127 -> 124 -> 123 -> 122 -> 115 -> 114 -> 108 -> 101 -> 13 -> 102,132 -> 133 -> 127 -> 124 -> 123 -> 122 -> 115 -> 114 -> 108 -> 109 -> 110 -> 103,132 -> 133 -> 127 -> 124 -> 123 -> 122 -> 115 -> 114 -> 108 -> 109 -> 110 -> 103 -> 104,132 -> 133 -> 127 -> 124 -> 123 -> 122 -> 115 -> 114 -> 108 -> 109 -> 110 -> 103 -> 104 -> 105,132 -> 133 -> 127 -> 124 -> 123 -> 122 -> 115 -> 114 -> 108 -> 109 -> 110 -> 103 -> 104 -> 105 -> 106,132 -> 133 -> 127 -> 124 -> 123 -> 122 -> 115 -> 114 -> 108 -> 109 -> 110 -> 103 -> 104 -> 105 -> 107,132 -> 133 -> 127 -> 124 -> 123 -> 122 -> 115 -> 114 -> 108,132 -> 133 -> 127 -> 124 -> 123 -> 122 -> 115 -> 114 -> 108 -> 109,132 -> 133 -> 127 -> 124 -> 123 -> 122 -> 115 -> 114 -> 108 -> 109 -> 110,132 -> 133 -> 127 -> 124 -> 123 -> 122 -> 115 -> 114 -> 111,132 -> 133 -> 127 -> 124 -> 116 -> 117 -> 118 -> 119 -> 112,132 -> 133 -> 127 -> 124 -> 116 -> 117 -> 118 -> 120 -> 121 -> 113,132 -> 133 -> 127 -> 124 -> 123 -> 122 -> 115 -> 114,132 -> 133 -> 127 -> 124 -> 123 -> 122 -> 115,132 -> 133 -> 127 -> 124 -> 116,132 -> 133 -> 127 -> 124 -> 116 -> 117,132 -> 133 -> 127 -> 124 -> 116 -> 117 -> 118,132 -> 133 -> 127 -> 124 -> 116 -> 117 -> 118 -> 119,132 -> 133 -> 127 -> 124 -> 116 -> 117 -> 118 -> 120,132 -> 133 -> 127 -> 124 -> 116 -> 117 -> 118 -> 120 -> 121,132 -> 133 -> 127 -> 124 -> 123 -> 122,132 -> 133 -> 127 -> 124 -> 123,132 -> 133 -> 127 -> 124,132 -> 133 -> 127 -> 126 -> 125,132 -> 133 -> 127 -> 126,132 -> 133 -> 127,132 -> 131 -> 129 -> 128,132 -> 131 -> 129,132 -> 131 -> 130,132 -> 131,,132 -> 133
133,133 -> 132 -> 131 -> 129 -> 128 -> 1,133 -> 127 -> 126 -> 2,133 -> 127 -> 124 -> 116 -> 117 -> 3,133 -> 127 -> 124 -> 116 -> 117 -> 118 -> 120 -> 121 -> 4,133 -> 127 -> 124 -> 123 -> 122 -> 115 -> 114 -> 108 -> 101 -> 5,133 -> 132 -> 131 -> 130 -> 6,133 -> 127 -> 124 -> 123 -> 122 -> 11,133 -> 127 -> 124 -> 123 -> 122 -> 115 -> 114 -> 108 -> 109 -> 110 -> 103 -> 104 -> 105 -> 106 -> 12,133 -> 127 -> 124 -> 123 -> 122 -> 115 -> 114 -> 108 -> 101 -> 13,133 -> 132 -> 14,133 -> 127 -> 124 -> 123 -> 122 -> 115 -> 114 -> 108 -> 109 -> 15,133 -> 99,133 -> 127 -> 124 -> 123 -> 122 -> 115 -> 114 -> 108 -> 101,133 -> 127 -> 124 -> 123 -> 122 -> 115 -> 114 -> 108 -> 101 -> 13 -> 102,133 -> 127 -> 124 -> 123 -> 122 -> 115 -> 114 -> 108 -> 109 -> 110 -> 103,133 -> 127 -> 124 -> 123 -> 122 -> 115 -> 114 -> 108 -> 109 -> 110 -> 103 -> 104,133 -> 127 -> 124 -> 123 -> 122 -> 115 -> 114 -> 108 -> 109 -> 110 -> 103 -> 104 -> 105,133 -> 127 -> 124 -> 123 -> 122 -> 115 -> 114 -> 108 -> 109 -> 110 -> 103 -> 104 -> 105 -> 106,133 -> 127 -> 124 -> 123 -> 122 -> 115 -> 114 -> 108 -> 109 -> 110 -> 103 -> 104 -> 105 -> 107,133 -> 127 -> 124 -> 123 -> 122 -> 115 -> 114 -> 108,133 -> 127 -> 124 -> 123 -> 122 -> 115 -> 114 -> 108 -> 109,133 -> 127 -> 124 -> 123 -> 122 -> 115 -> 114 -> 108 -> 109 -> 110,133 -> 127 -> 124 -> 123 -> 122 -> 115 -> 114 -> 111,133 -> 127 -> 124 -> 116 -> 117 -> 118 -> 119 -> 112,133 -> 127 -> 124 -> 116 -> 117 -> 118 -> 120 -> 121 -> 113,133 -> 127 -> 124 -> 123 -> 122 -> 115 -> 114,133 -> 127 -> 124 -> 123 -> 122 -> 115,133 -> 127 -> 124 -> 116,133 -> 127 -> 124 -> 116 -> 117,133 -> 127 -> 124 -> 116 -> 117 -> 118,133 -> 127 -> 124 -> 116 -> 117 -> 118 -> 119,133 -> 127 -> 124 -> 116 -> 117 -> 118 -> 120,133 -> 127 -> 124 -> 116 -> 117 -> 118 -> 120 -> 121,133 -> 127 -> 124 -> 123 -> 122,133 -> 127 -> 124 -> 123,133 -> 127 -> 124,133 -> 127 -> 126 -> 125,133 -> 127 -> 126,133 -> 127,133 -> 132 -> 131 -> 129 -> 128,133 -> 132 -> 131 -> 129,133 -> 132 -> 131 -> 130,133 -> 132 -> 131,133 -> 132,
